player,position,team,age,birth_year,minutes_90s,goals,shots,shots_on_target,shots_on_target_pct,shots_per90,shots_on_target_per90,goals_per_shot,goals_per_shot_on_target,average_shot_distance,shots_free_kicks,pens_made,pens_att,xg,npxg,npxg_per_shot,xg_net,npxg_net
Aaron Mooy,MF,Australia,32-094,1990,4.0,0,1,0,0.0,0.25,0.00,0.00,,29.1,0,0,0,0.0,0.0,0.05,0.0,0.0
Aaron Ramsey,MF,Wales,31-357,1990,3.0,0,1,0,0.0,0.34,0.00,0.00,,18.0,0,0,0,0.0,0.0,0.04,0.0,0.0
Abdelhamid Sabiri,MF,Morocco,26-020,1996,2.0,0,3,0,0.0,1.49,0.00,0.00,,34.2,1,0,0,0.1,0.1,0.04,-0.1,-0.1
Abdelkarim Hassan,DF,Qatar,29-112,1993,3.0,0,6,0,0.0,2.00,0.00,0.00,,23.6,0,0,0,0.3,0.3,0.05,-0.3,-0.3
Abderrazak Hamdallah,FW,Morocco,32-001,1990,0.8,0,2,1,50.0,2.65,1.32,0.00,0.00,7.8,0,0,0,0.4,0.4,0.20,-0.4,-0.4
Abdessamad Ezzalzouli,FW,Morocco,21-001,2001,1.0,0,1,0,0.0,0.97,0.00,0.00,,13.7,0,0,0,0.1,0.1,0.06,-0.1,-0.1
Abdou Diallo,DF,Senegal,26-228,1996,3.7,0,1,0,0.0,0.27,0.00,0.00,,15.4,0,0,0,0.0,0.0,0.03,0.0,0.0
Abdul Fatawu Issahaku,FW,Ghana,18-285,2004,0.0,0,0,0,,0.00,0.00,,,,0,0,0,0.0,0.0,,0.0,0.0
Abdulaziz Hatem,MF,Qatar,32-051,1990,2.2,0,1,1,100.0,0.46,0.46,0.00,0.00,27.4,0,0,0,0.0,0.0,0.02,0.0,0.0
Abdulelah Al-Amri,DF,Saudi Arabia,25-337,1997,2.0,0,1,0,0.0,0.49,0.00,0.00,,10.5,0,0,0,0.1,0.1,0.07,-0.1,-0.1
Abdulellah Al-Malki,MF,Saudi Arabia,28-068,1994,1.9,0,2,0,0.0,1.03,0.00,0.00,,21.1,0,0,0,0.1,0.1,0.06,-0.1,-0.1
Abdullah Madu,DF,Saudi Arabia,29-156,1993,0.5,0,0,0,,0.00,0.00,,,,0,0,0,0.0,0.0,,0.0,0.0
Abdulrahman Al-Aboud,MF,Saudi Arabia,27-200,1995,0.4,0,1,0,0.0,2.57,0.00,0.00,,4.6,0,0,0,0.1,0.1,0.07,-0.1,-0.1
Abolfazl Jalali,DF,IR Iran,24-175,1998,0.2,0,0,0,,0.00,0.00,,,,0,0,0,0.0,0.0,,0.0,0.0
Achraf Dari,DF,Morocco,23-226,1999,2.1,1,1,1,100.0,0.48,0.48,1.00,1.00,4.1,0,0,0,0.6,0.6,0.63,+0.4,+0.4
Achraf Hakimi,DF,Morocco,24-044,1998,7.0,0,4,1,25.0,0.57,0.14,0.00,0.00,26.5,1,0,0,0.1,0.1,0.03,-0.1,-0.1
Adrien Rabiot,MF,France,27-259,1995,5.4,1,9,4,44.4,1.68,0.75,0.11,0.25,13.3,0,0,0,1.1,1.1,0.12,-0.1,-0.1
Agustín Canobbio,MF,Uruguay,24-078,1998,0.1,0,0,0,,0.00,0.00,,,,0,0,0,0.0,0.0,,0.0,0.0
Ahmad Nourollahi,MF,IR Iran,29-319,1993,2.5,0,5,1,20.0,2.02,0.40,0.00,0.00,29.2,0,0,0,0.1,0.1,0.02,-0.1,-0.1
Ahmed Alaaeldin,FW,Qatar,29-321,1993,0.1,0,0,0,,0.00,0.00,,,,0,0,0,0.0,0.0,,0.0,0.0
Aimen Dahmen,GK,Tunisia,25-324,1997,3.0,0,0,0,,0.00,0.00,,,,0,0,0,0.0,0.0,,0.0,0.0
Ajdin Hrustic,MF,Australia,26-166,1996,0.7,0,1,0,0.0,1.45,0.00,0.00,,22.4,0,0,0,0.0,0.0,0.03,0.0,0.0
Akram Afif,FW,Qatar,26-030,1996,3.0,0,2,0,0.0,0.67,0.00,0.00,,29.8,0,0,0,0.0,0.0,0.02,0.0,0.0
Alan Franco,MF,Ecuador,24-119,1998,0.5,0,0,0,,0.00,0.00,,,,0,0,0,0.0,0.0,,0.0,0.0
Alejandro Balde,DF,Spain,19-061,2003,1.4,0,1,0,0.0,0.71,0.00,0.00,,11.3,0,0,0,0.0,0.0,0.05,0.0,0.0
Aleksandar Mitrović,FW,Serbia,28-093,1994,2.9,2,10,3,30.0,3.44,1.03,0.20,0.67,14.1,0,0,0,1.6,1.6,0.16,+0.4,+0.4
Alex Sandro,DF,Brazil,31-326,1991,2.1,0,1,0,0.0,0.47,0.00,0.00,,33.5,0,0,0,0.0,0.0,0.03,0.0,0.0
Alex Telles,DF,Brazil,30-003,1992,0.7,0,0,0,,0.00,0.00,,,,0,0,0,0.0,0.0,,0.0,0.0
Alexander Bah,DF,Denmark,25-009,1997,0.5,0,2,0,0.0,3.91,0.00,0.00,,19.3,0,0,0,0.1,0.1,0.03,-0.1,-0.1
Alexander Djiku,DF,Ghana,28-131,1994,1.1,0,0,0,,0.00,0.00,,,,0,0,0,0.0,0.0,,0.0,0.0
Alexis Mac Allister,MF,Argentina,23-359,1998,6.1,1,7,4,57.1,1.15,0.65,0.14,0.25,19.3,0,0,0,0.7,0.7,0.10,+0.3,+0.3
Alexis Vega,FW,Mexico,25-023,1997,2.1,0,9,2,22.2,4.20,0.93,0.00,0.00,21.0,1,0,0,0.8,0.8,0.09,-0.8,-0.8
Ali Abdi,DF,Tunisia,28-363,1993,2.1,0,0,0,,0.00,0.00,,,,0,0,0,0.0,0.0,,0.0,0.0
Ali Al Hassan,MF,Saudi Arabia,25-289,1997,0.5,0,1,0,0.0,2.00,0.00,0.00,,10.4,0,0,0,0.1,0.1,0.07,-0.1,-0.1
Ali Al-Bulaihi,DF,Saudi Arabia,33-027,1989,2.4,0,0,0,,0.00,0.00,,,,0,0,0,0.0,0.0,,0.0,0.0
Ali Assadalla,MF,Qatar,29-333,1993,0.3,0,0,0,,0.00,0.00,,,,0,0,0,0.0,0.0,,0.0,0.0
Ali Gholizadeh,MF,IR Iran,26-283,1996,2.2,0,1,0,0.0,0.45,0.00,0.00,,26.2,0,0,0,0.0,0.0,0.03,0.0,0.0
Ali Karimi,MF,IR Iran,28-310,1994,1.1,0,0,0,,0.00,0.00,,,,0,0,0,0.0,0.0,,0.0,0.0
Ali Maâloul,DF,Tunisia,32-351,1990,1.0,0,0,0,,0.00,0.00,,,,0,0,0,0.0,0.0,,0.0,0.0
Alidu Seidu,DF,Ghana,22-197,2000,1.7,0,1,0,0.0,0.58,0.00,0.00,,31.9,0,0,0,0.0,0.0,0.01,0.0,0.0
Alireza Beiranvand,GK,IR Iran,30-088,1992,1.2,0,0,0,,0.00,0.00,,,,0,0,0,0.0,0.0,,0.0,0.0
Alireza Jahanbakhsh,MF,IR Iran,29-129,1993,0.7,0,3,0,0.0,4.58,0.00,0.00,,22.9,0,0,0,0.2,0.2,0.06,-0.2,-0.2
Alisson,GK,Brazil,30-077,1992,4.2,0,0,0,,0.00,0.00,,,,0,0,0,0.0,0.0,,0.0,0.0
Alistair Johnston,DF,Canada,24-071,1998,3.0,0,2,1,50.0,0.67,0.33,0.00,0.00,8.5,0,0,0,0.8,0.8,0.40,-0.8,-0.8
Almoez Ali,FW,Qatar,26-121,1996,2.5,0,3,1,33.3,1.21,0.40,0.00,0.00,16.4,0,0,0,0.4,0.4,0.12,-0.4,-0.4
Alphonso Davies,MF,Canada,22-046,2000,3.0,1,3,1,33.3,1.00,0.33,0.33,1.00,21.0,1,0,1,1.1,0.3,0.09,-0.1,+0.7
Amadou Onana,MF,Belgium,21-124,2001,1.2,0,2,0,0.0,1.73,0.00,0.00,,8.3,0,0,0,0.5,0.5,0.23,-0.5,-0.5
Anass Zaroury,FW,Morocco,22-041,2000,0.3,0,0,0,,0.00,0.00,,,,0,0,0,0.0,0.0,,0.0,0.0
Andre-Frank Zambo Anguissa,MF,Cameroon,27-032,1995,2.9,0,1,1,100.0,0.35,0.35,0.00,0.00,11.2,0,0,0,0.1,0.1,0.06,-0.1,-0.1
Andreas Christensen,DF,Denmark,26-252,1996,3.0,1,2,1,50.0,0.67,0.33,0.50,1.00,5.9,0,0,0,0.4,0.4,0.18,+0.6,+0.6
Andreas Cornelius,FW,Denmark,29-277,1993,1.0,0,5,2,40.0,4.89,1.96,0.00,0.00,10.2,0,0,0,1.0,1.0,0.20,-1.0,-1.0
Andreas Skov Olsen,FW,Denmark,22-354,1999,1.5,0,4,1,25.0,2.73,0.68,0.00,0.00,14.6,0,0,0,0.2,0.2,0.06,-0.2,-0.2
Andrej Kramarić,FW,Croatia,31-182,1991,5.3,2,10,4,40.0,1.90,0.76,0.20,0.50,15.1,0,0,0,1.6,1.6,0.16,+0.4,+0.4
Andries Noppert,GK,Netherlands,28-255,1994,5.3,0,0,0,,0.00,0.00,,,,0,0,0,0.0,0.0,,0.0,0.0
Andrija Živković,DF,Serbia,26-160,1996,2.3,0,1,0,0.0,0.43,0.00,0.00,,24.4,0,0,0,0.1,0.1,0.06,-0.1,-0.1
André Ayew,MF,Ghana,33-001,1989,2.2,1,1,1,100.0,0.45,0.45,1.00,1.00,17.3,0,0,1,1.1,0.4,0.36,-0.1,+0.6
André Onana,GK,Cameroon,26-260,1996,0.9,0,0,0,,0.00,0.00,,,,0,0,0,0.0,0.0,,0.0,0.0
André Silva,FW,Portugal,27-042,1995,0.3,0,0,0,,0.00,0.00,,,,0,0,0,0.0,0.0,,0.0,0.0
Andrés Guardado,MF,Mexico,36-081,1986,0.5,0,0,0,,0.00,0.00,,,,0,0,0,0.0,0.0,,0.0,0.0
Anis Ben Slimane,MF,Tunisia,21-277,2001,1.6,0,1,1,100.0,0.61,0.61,0.00,0.00,9.6,0,0,0,0.1,0.1,0.11,-0.1,-0.1
Ansu Fati,FW,Spain,20-048,2002,0.5,0,0,0,,0.00,0.00,,,,0,0,0,0.0,0.0,,0.0,0.0
Ante Budimir,FW,Croatia,31-149,1991,0.6,0,1,0,0.0,1.64,0.00,0.00,,10.8,0,0,0,0.2,0.2,0.18,-0.2,-0.2
Anthony Contreras,FW,Costa Rica,22-323,2000,1.4,0,0,0,,0.00,0.00,,,,0,0,0,0.0,0.0,,0.0,0.0
Antoine Griezmann,MF,France,31-272,1991,6.0,0,6,2,33.3,1.01,0.34,0.00,0.00,17.6,1,0,0,0.7,0.7,0.11,-0.7,-0.7
Antoine Semenyo,FW,Ghana,22-345,2000,0.2,0,1,0,0.0,4.50,0.00,0.00,,13.5,0,0,0,0.0,0.0,0.05,0.0,0.0
Antonee Robinson,DF,United States,25-132,1997,4.0,0,0,0,,0.00,0.00,,,,0,0,0,0.0,0.0,,0.0,0.0
Antonio Rüdiger,DF,Germany,29-290,1993,3.0,0,6,1,16.7,2.00,0.33,0.00,0.00,17.4,0,0,0,0.8,0.8,0.13,-0.8,-0.8
Antony,FW,Brazil,22-297,2000,1.9,0,6,2,33.3,3.14,1.05,0.00,0.00,22.2,0,0,0,0.2,0.2,0.04,-0.2,-0.2
António Silva,DF,Portugal,19-049,2003,1.0,0,0,0,,0.00,0.00,,,,0,0,0,0.0,0.0,,0.0,0.0
Ao Tanaka,MF,Japan,24-099,1998,1.9,1,1,1,100.0,0.53,0.53,1.00,1.00,1.5,0,0,0,1.0,1.0,0.96,0.0,0.0
Ardon Jasari,FW,Switzerland,20-141,2002,0.0,0,0,0,,0.00,0.00,,,,0,0,0,0.0,0.0,,0.0,0.0
Arkadiusz Milik,FW,Poland,28-293,1994,1.1,0,1,0,0.0,0.89,0.00,0.00,,9.0,0,0,0,0.2,0.2,0.25,-0.2,-0.2
Artur Jędrzejczyk,DF,Poland,35-044,1987,0.2,0,0,0,,0.00,0.00,,,,0,0,0,0.0,0.0,,0.0,0.0
Asiri Haitham,FW,Saudi Arabia,21-268,2001,0.0,0,0,0,,0.00,0.00,,,,0,0,0,0.0,0.0,,0.0,0.0
Assim Madibo,MF,Qatar,26-057,1996,1.7,0,0,0,,0.00,0.00,,,,0,0,0,0.0,0.0,,0.0,0.0
Atiba Hutchinson,MF,Canada,39-313,1983,1.8,0,2,0,0.0,1.13,0.00,0.00,,16.8,0,0,0,0.1,0.1,0.06,-0.1,-0.1
Aurélien Tchouaméni,MF,France,22-325,2000,6.9,1,6,2,33.3,0.87,0.29,0.17,0.50,23.7,0,0,0,0.3,0.3,0.06,+0.7,+0.7
Awer Mabil,MF,Australia,27-094,1995,0.3,0,0,0,,0.00,0.00,,,,0,0,0,0.0,0.0,,0.0,0.0
Axel Disasi,DF,France,24-282,1998,1.0,0,1,0,0.0,0.98,0.00,0.00,,9.6,0,0,0,0.1,0.1,0.07,-0.1,-0.1
Axel Witsel,MF,Belgium,33-340,1989,3.0,0,1,0,0.0,0.33,0.00,0.00,,32.2,0,0,0,0.0,0.0,0.02,0.0,0.0
Ayase Ueda,FW,Japan,24-099,1998,0.5,0,0,0,,0.00,0.00,,,,0,0,0,0.0,0.0,,0.0,0.0
Aymeric Laporte,DF,Spain,28-205,1994,3.3,0,1,0,0.0,0.30,0.00,0.00,,13.6,0,0,0,0.0,0.0,0.03,0.0,0.0
Aziz Behich,DF,Australia,32-002,1990,4.0,0,2,0,0.0,0.50,0.00,0.00,,16.4,0,0,0,0.1,0.1,0.06,-0.1,-0.1
Azzedine Ounahi,MF,Morocco,22-243,2000,6.3,0,6,1,16.7,0.95,0.16,0.00,0.00,23.7,0,0,0,0.3,0.3,0.05,-0.3,-0.3
Aïssa Laïdouni,MF,Tunisia,26-005,1996,2.7,0,2,0,0.0,0.74,0.00,0.00,,9.8,0,0,0,0.1,0.1,0.07,-0.1,-0.1
Baba Rahman,DF,Ghana,28-169,1994,2.0,0,0,0,,0.00,0.00,,,,0,0,0,0.0,0.0,,0.0,0.0
Badr Banoun,DF,Morocco,29-079,1993,0.6,0,0,0,,0.00,0.00,,,,0,0,0,0.0,0.0,,0.0,0.0
Bailey Wright,DF,Australia,30-143,1992,0.2,0,0,0,,0.00,0.00,,,,0,0,0,0.0,0.0,,0.0,0.0
Bamba Dieng,FW,Senegal,22-270,2000,1.1,1,4,1,25.0,3.60,0.90,0.25,1.00,16.3,1,0,0,0.5,0.5,0.12,+0.5,+0.5
Bartosz Bereszyński,DF,Poland,30-159,1992,3.8,0,0,0,,0.00,0.00,,,,0,0,0,0.0,0.0,,0.0,0.0
Bassam Al-Rawi,DF,Qatar,25-002,1997,1.0,0,0,0,,0.00,0.00,,,,0,0,0,0.0,0.0,,0.0,0.0
Ben Davies,DF,Wales,29-238,1993,2.6,0,3,2,66.7,1.13,0.76,0.00,0.00,12.1,0,0,0,0.3,0.3,0.12,-0.3,-0.3
Benjamin Pavard,DF,France,26-265,1996,1.0,0,0,0,,0.00,0.00,,,,0,0,0,0.0,0.0,,0.0,0.0
Bernardo Silva,MF,Portugal,28-130,1994,4.0,0,1,0,0.0,0.25,0.00,0.00,,10.7,0,0,0,0.2,0.2,0.18,-0.2,-0.2
Bilal El Khannous,MF,Morocco,18-222,2004,0.6,0,0,0,,0.00,0.00,,,,0,0,0,0.0,0.0,,0.0,0.0
Borna Barišić,DF,Croatia,30-038,1992,1.3,0,1,0,0.0,0.75,0.00,0.00,,24.8,0,0,0,0.0,0.0,0.02,0.0,0.0
Borna Sosa,DF,Croatia,24-331,1998,4.7,0,2,0,0.0,0.42,0.00,0.00,,28.4,0,0,0,0.1,0.1,0.03,-0.1,-0.1
Boualem Khoukhi,DF,Qatar,32-162,1990,3.0,0,0,0,,0.00,0.00,,,,0,0,0,0.0,0.0,,0.0,0.0
Boulaye Dia,FW,Senegal,26-032,1996,3.5,1,8,3,37.5,2.26,0.85,0.13,0.33,14.2,0,0,0,0.7,0.7,0.09,+0.3,+0.3
Brandon Aguilera,MF,Costa Rica,19-173,2003,1.0,0,0,0,,0.00,0.00,,,,0,0,0,0.0,0.0,,0.0,0.0
Breel Embolo,FW,Switzerland,25-307,1997,3.6,2,6,3,50.0,1.67,0.84,0.33,0.67,10.5,0,0,0,2.3,2.3,0.38,-0.3,-0.3
Brenden Aaronson,MF,United States,22-057,2000,1.2,0,1,0,0.0,0.83,0.00,0.00,,4.9,0,0,0,0.1,0.1,0.07,-0.1,-0.1
Brennan Johnson,FW,Wales,21-209,2001,1.0,0,3,1,33.3,2.97,0.99,0.00,0.00,14.6,0,0,0,0.2,0.2,0.07,-0.2,-0.2
Bruno Fernandes,FW,Portugal,28-101,1994,4.0,2,7,2,28.6,1.77,0.51,0.14,0.50,24.5,0,1,1,1.1,0.3,0.05,+0.9,+0.7
Bruno Guimarães,MF,Brazil,25-032,1997,0.8,0,5,2,40.0,6.52,2.61,0.00,0.00,12.4,0,0,0,0.7,0.7,0.14,-0.7,-0.7
Bruno Petković,FW,Croatia,28-093,1994,2.6,1,1,1,100.0,0.38,0.38,1.00,1.00,16.2,0,0,0,0.1,0.1,0.12,+0.9,+0.9
Bryan Mbeumo,FW,Cameroon,23-133,1999,2.6,0,2,2,100.0,0.77,0.77,0.00,0.00,11.3,0,0,0,0.2,0.2,0.10,-0.2,-0.2
Bryan Oviedo,DF,Costa Rica,32-303,1990,2.9,0,0,0,,0.00,0.00,,,,0,0,0,0.0,0.0,,0.0,0.0
Bryan Ruiz,MF,Costa Rica,37-122,1985,0.3,0,0,0,,0.00,0.00,,,,0,0,0,0.0,0.0,,0.0,0.0
Bukayo Saka,FW,England,21-104,2001,3.2,3,7,5,71.4,2.19,1.56,0.43,0.60,14.9,0,0,0,0.6,0.6,0.09,+2.4,+2.4
Callum Wilson,FW,England,30-294,1992,0.5,0,0,0,,0.00,0.00,,,,0,0,0,0.0,0.0,,0.0,0.0
Cameron Carter-Vickers,DF,United States,24-352,1997,1.0,0,0,0,,0.00,0.00,,,,0,0,0,0.0,0.0,,0.0,0.0
Carlos Gruezo,MF,Ecuador,27-243,1995,0.5,0,0,0,,0.00,0.00,,,,0,0,0,0.0,0.0,,0.0,0.0
Carlos Martínez,DF,Costa Rica,23-263,1999,0.5,0,0,0,,0.00,0.00,,,,0,0,0,0.0,0.0,,0.0,0.0
Carlos Soler,MF,Spain,25-350,1997,1.0,1,4,1,25.0,3.91,0.98,0.25,1.00,17.3,1,0,0,0.5,0.5,0.13,+0.5,+0.5
Casemiro,MF,Brazil,30-298,1992,4.3,1,9,3,33.3,2.08,0.69,0.11,0.33,26.0,1,0,0,0.4,0.4,0.05,+0.6,+0.6
Celso Borges,MF,Costa Rica,34-205,1988,2.8,0,0,0,,0.00,0.00,,,,0,0,0,0.0,0.0,,0.0,0.0
Charles De Ketelaere,FW,Belgium,21-283,2001,0.2,0,0,0,,0.00,0.00,,,,0,0,0,0.0,0.0,,0.0,0.0
Charly Rodríguez,MF,Mexico,25-349,1997,0.4,0,0,0,,0.00,0.00,,,,0,0,0,0.0,0.0,,0.0,0.0
Cheikhou Kouyaté,MF,Senegal,32-362,1989,0.8,0,0,0,,0.00,0.00,,,,0,0,0,0.0,0.0,,0.0,0.0
Cho Guesung,FW,Korea Republic,24-327,1998,3.1,2,9,5,55.6,2.95,1.64,0.22,0.40,11.4,0,0,0,1.1,1.1,0.12,+0.9,+0.9
Cho Yumin,FW,Korea Republic,26-031,1996,0.0,0,0,0,,0.00,0.00,,,,0,0,0,0.0,0.0,,0.0,0.0
Chris Mepham,DF,Wales,25-043,1997,3.0,0,0,0,,0.00,0.00,,,,0,0,0,0.0,0.0,,0.0,0.0
Christian Bassogog,MF,Cameroon,27-061,1995,0.3,0,0,0,,0.00,0.00,,,,0,0,0,0.0,0.0,,0.0,0.0
Christian Eriksen,MF,Denmark,30-307,1992,3.0,0,4,1,25.0,1.33,0.33,0.00,0.00,27.2,0,0,0,0.2,0.2,0.04,-0.2,-0.2
Christian Fassnacht,FW,Switzerland,29-037,1993,0.1,0,1,1,100.0,11.25,11.25,0.00,0.00,14.8,0,0,0,0.2,0.2,0.23,-0.2,-0.2
Christian Nørgaard,MF,Denmark,28-283,1994,0.1,0,0,0,,0.00,0.00,,,,0,0,0,0.0,0.0,,0.0,0.0
Christian Pulisic,FW,United States,24-091,1998,3.5,1,9,5,55.6,2.57,1.43,0.11,0.20,17.9,0,0,0,1.1,1.1,0.12,-0.1,-0.1
Christopher Wooh,DF,Cameroon,21-091,2001,1.0,0,1,0,0.0,1.00,0.00,0.00,,15.1,0,0,0,0.0,0.0,0.04,0.0,0.0
Cody Gakpo,FW,Netherlands,23-225,1999,5.0,3,5,3,60.0,1.00,0.60,0.60,1.00,19.9,0,0,0,0.3,0.3,0.06,+2.7,+2.7
Collins Fai,DF,Cameroon,30-127,1992,3.0,0,1,0,0.0,0.33,0.00,0.00,,27.9,0,0,0,0.0,0.0,0.02,0.0,0.0
Connor Roberts,DF,Wales,27-086,1995,2.2,0,0,0,,0.00,0.00,,,,0,0,0,0.0,0.0,,0.0,0.0
Craig Goodwin,MF,Australia,31-002,1991,2.6,1,2,1,50.0,0.77,0.38,0.50,1.00,16.1,0,0,0,0.3,0.3,0.14,+0.7,+0.7
Cristian Romero,DF,Argentina,24-235,1998,6.1,0,0,0,,0.00,0.00,,,,0,0,0,0.0,0.0,,0.0,0.0
Cristiano Ronaldo,FW,Portugal,37-316,1985,3.2,1,10,2,20.0,3.10,0.62,0.00,0.00,21.0,2,1,1,1.6,0.8,0.08,-0.6,-0.8
Cyle Larin,FW,Canada,27-245,1995,1.5,0,3,1,33.3,1.97,0.66,0.00,0.00,11.3,0,0,0,0.2,0.2,0.08,-0.2,-0.2
César Azpilicueta,DF,Spain,33-112,1989,1.5,0,0,0,,0.00,0.00,,,,0,0,0,0.0,0.0,,0.0,0.0
César Montes,DF,Mexico,25-297,1997,3.0,0,1,0,0.0,0.33,0.00,0.00,,13.0,0,0,0,0.2,0.2,0.18,-0.2,-0.2
Daichi Kamada,FW,Japan,26-135,1996,3.6,0,6,1,16.7,1.68,0.28,0.00,0.00,17.5,1,0,0,0.6,0.6,0.11,-0.6,-0.6
Daizen Maeda,FW,Japan,25-059,1997,2.0,1,2,1,50.0,1.00,0.50,0.50,1.00,9.5,0,0,0,0.5,0.5,0.24,+0.5,+0.5
Daley Blind,DF,Netherlands,32-284,1990,4.7,1,5,2,40.0,1.06,0.43,0.20,0.50,12.3,0,0,0,0.4,0.4,0.08,+0.6,+0.6
Damian Szymański,MF,Poland,27-185,1995,0.3,0,0,0,,0.00,0.00,,,,0,0,0,0.0,0.0,,0.0,0.0
Dani Alves,DF,Brazil,39-226,1983,1.3,0,3,0,0.0,2.29,0.00,0.00,,21.9,1,0,0,0.2,0.2,0.06,-0.2,-0.2
Dani Carvajal,DF,Spain,30-341,1992,1.5,0,0,0,,0.00,0.00,,,,0,0,0,0.0,0.0,,0.0,0.0
Dani Olmo,FW,Spain,24-225,1998,4.1,1,12,6,50.0,2.94,1.47,0.08,0.17,21.4,0,0,0,1.4,1.4,0.12,-0.4,-0.4
Daniel Amartey,DF,Ghana,27-362,1994,2.8,0,1,0,0.0,0.36,0.00,0.00,,5.7,0,0,0,0.2,0.2,0.23,-0.2,-0.2
Daniel Chacón,MF,Costa Rica,21-251,2001,0.0,0,0,0,,0.00,0.00,,,,0,0,0,0.0,0.0,,0.0,0.0
Daniel James,FW,Wales,25-038,1997,1.7,0,0,0,,0.00,0.00,,,,0,0,0,0.0,0.0,,0.0,0.0
Daniel Kyereh,MF,Ghana,26-285,1996,0.4,0,0,0,,0.00,0.00,,,,0,0,0,0.0,0.0,,0.0,0.0
Danilo,DF,Brazil,31-156,1991,3.1,0,2,0,0.0,0.64,0.00,0.00,,27.7,0,0,0,0.0,0.0,0.02,0.0,0.0
Danilo Pereira,DF,Portugal,31-100,1991,1.0,0,0,0,,0.00,0.00,,,,0,0,0,0.0,0.0,,0.0,0.0
Danny Ward,GK,Wales,29-179,1993,1.0,0,0,0,,0.00,0.00,,,,0,0,0,0.0,0.0,,0.0,0.0
Darko Lazović,DF,Serbia,32-094,1990,0.3,0,1,0,0.0,3.60,0.00,0.00,,27.3,0,0,0,0.0,0.0,0.01,0.0,0.0
Darwin Núñez,FW,Uruguay,23-177,1999,2.7,0,3,1,33.3,1.13,0.37,0.00,0.00,22.4,0,0,0,0.4,0.4,0.13,-0.4,-0.4
David Raum,DF,Germany,24-240,1998,2.7,0,0,0,,0.00,0.00,,,,0,0,0,0.0,0.0,,0.0,0.0
David Wotherspoon,MF,Canada,32-336,1990,0.2,0,0,0,,0.00,0.00,,,,0,0,0,0.0,0.0,,0.0,0.0
Davy Klaassen,MF,Netherlands,29-300,1993,2.1,1,2,1,50.0,0.95,0.47,0.50,1.00,9.9,0,0,0,0.2,0.2,0.12,+0.8,+0.8
Dayot Upamecano,DF,France,24-052,1998,5.3,0,1,0,0.0,0.19,0.00,0.00,,9.7,0,0,0,0.0,0.0,0.05,0.0,0.0
DeAndre Yedlin,DF,United States,29-162,1993,0.4,0,0,0,,0.00,0.00,,,,0,0,0,0.0,0.0,,0.0,0.0
Declan Rice,MF,England,23-338,1999,4.6,0,0,0,,0.00,0.00,,,,0,0,0,0.0,0.0,,0.0,0.0
Dejan Lovren,DF,Croatia,33-166,1989,6.7,0,4,0,0.0,0.60,0.00,0.00,,14.8,0,0,0,0.3,0.3,0.06,-0.3,-0.3
Denis Odoi,DF,Ghana,34-205,1988,0.1,0,0,0,,0.00,0.00,,,,0,0,0,0.0,0.0,,0.0,0.0
Denis Zakaria,MF,Switzerland,26-028,1996,0.7,0,1,0,0.0,1.53,0.00,0.00,,25.4,0,0,0,0.0,0.0,0.05,0.0,0.0
Denzel Dumfries,DF,Netherlands,26-244,1996,5.3,1,1,1,100.0,0.19,0.19,1.00,1.00,8.7,0,0,0,0.4,0.4,0.38,+0.6,+0.6
Devis Epassy,GK,Cameroon,29-319,1993,2.0,0,0,0,,0.00,0.00,,,,0,0,0,0.0,0.0,,0.0,0.0
Diego Godín,DF,Uruguay,36-305,1986,1.7,0,1,0,0.0,0.60,0.00,0.00,,10.6,0,0,0,0.1,0.1,0.06,-0.1,-0.1
Diogo Costa,GK,Portugal,23-090,1999,5.0,0,0,0,,0.00,0.00,,,,0,0,0,0.0,0.0,,0.0,0.0
Diogo Dalot,DF,Portugal,23-275,1999,2.9,0,1,1,100.0,0.35,0.35,0.00,0.00,29.8,0,0,0,0.0,0.0,0.04,0.0,0.0
Djibril Sow,MF,Switzerland,25-315,1997,2.9,0,2,0,0.0,0.68,0.00,0.00,,15.6,0,0,0,0.2,0.2,0.08,-0.2,-0.2
Djorkaeff Reasco,FW,Ecuador,23-334,1999,0.3,0,0,0,,0.00,0.00,,,,0,0,0,0.0,0.0,,0.0,0.0
Dominik Livaković,GK,Croatia,27-343,1995,7.7,0,0,0,,0.00,0.00,,,,0,0,0,0.0,0.0,,0.0,0.0
Dries Mertens,MF,Belgium,35-226,1987,0.8,0,3,1,33.3,3.55,1.18,0.00,0.00,14.7,0,0,0,0.8,0.8,0.27,-0.8,-0.8
Dušan Tadić,MF,Serbia,34-028,1988,2.9,0,1,0,0.0,0.35,0.00,0.00,,13.3,0,0,0,0.1,0.1,0.08,-0.1,-0.1
Dušan Vlahović,FW,Serbia,22-324,2000,0.9,1,3,3,100.0,3.42,3.42,0.33,0.33,10.9,0,0,0,0.8,0.8,0.27,+0.2,+0.2
Dylan Bronn,DF,Tunisia,27-182,1995,1.8,0,1,0,0.0,0.56,0.00,0.00,,17.8,0,0,0,0.1,0.1,0.07,-0.1,-0.1
Eden Hazard,MF,Belgium,31-345,1991,1.4,0,1,1,100.0,0.73,0.73,0.00,0.00,18.7,0,0,0,0.1,0.1,0.05,-0.1,-0.1
Ederson,GK,Brazil,29-123,1993,1.0,0,0,0,,0.00,0.00,,,,0,0,0,0.0,0.0,,0.0,0.0
Edimilson Fernandes,FW,Switzerland,26-247,1996,1.6,0,1,0,0.0,0.62,0.00,0.00,,24.2,0,0,0,0.0,0.0,0.03,0.0,0.0
Edinson Cavani,FW,Uruguay,35-307,1987,1.4,0,3,0,0.0,2.18,0.00,0.00,,13.8,0,0,0,0.3,0.3,0.10,-0.3,-0.3
Edouard Mendy,GK,Senegal,30-292,1992,4.0,0,0,0,,0.00,0.00,,,,0,0,0,0.0,0.0,,0.0,0.0
Edson Álvarez,MF,Mexico,25-055,1997,1.9,0,1,1,100.0,0.51,0.51,0.00,0.00,33.1,0,0,0,0.0,0.0,0.02,0.0,0.0
Eduardo Camavinga,DF,France,20-038,2002,1.6,0,0,0,,0.00,0.00,,,,0,0,0,0.0,0.0,,0.0,0.0
Ehsan Hajsafi,MF,IR Iran,32-296,1990,2.6,0,1,0,0.0,0.38,0.00,0.00,,14.4,0,0,0,0.2,0.2,0.16,-0.2,-0.2
Ellyes Skhiri,MF,Tunisia,27-222,1995,3.0,0,2,0,0.0,0.67,0.00,0.00,,22.5,0,0,0,0.1,0.1,0.03,-0.1,-0.1
Emiliano Martínez,GK,Argentina,30-107,1992,7.7,0,0,0,,0.00,0.00,,,,0,0,0,0.0,0.0,,0.0,0.0
Enner Valencia,FW,Ecuador,33-044,1989,2.8,3,8,3,37.5,2.82,1.06,0.25,0.67,18.9,1,1,1,2.3,1.5,0.19,+0.7,+0.5
Enzo Ebosse,DF,Cameroon,23-282,1999,1.0,0,0,0,,0.00,0.00,,,,0,0,0,0.0,0.0,,0.0,0.0
Enzo Fernández,MF,Argentina,21-335,2001,6.3,1,8,3,37.5,1.28,0.48,0.13,0.33,24.9,0,0,0,0.3,0.3,0.04,+0.7,+0.7
Eray Cömert,DF,Switzerland,24-317,1998,0.5,0,0,0,,0.00,0.00,,,,0,0,0,0.0,0.0,,0.0,0.0
Eric Dier,DF,England,28-337,1994,0.4,0,0,0,,0.00,0.00,,,,0,0,0,0.0,0.0,,0.0,0.0
Eric Maxim Choupo-Moting,FW,Cameroon,33-270,1989,2.8,1,3,2,66.7,1.07,0.71,0.33,0.50,9.1,0,0,0,0.8,0.8,0.28,+0.2,+0.2
Erick Gutiérrez,MF,Mexico,27-186,1995,0.5,0,0,0,,0.00,0.00,,,,0,0,0,0.0,0.0,,0.0,0.0
Ethan Ampadu,MF,Wales,22-095,2000,2.8,0,1,0,0.0,0.35,0.00,0.00,,32.4,0,0,0,0.0,0.0,0.04,0.0,0.0
Everton Ribeiro,MF,Brazil,33-252,1989,0.4,0,0,0,,0.00,0.00,,,,0,0,0,0.0,0.0,,0.0,0.0
Exequiel Palacios,MF,Argentina,24-074,1998,0.6,0,1,0,0.0,1.80,0.00,0.00,,16.3,0,0,0,0.1,0.1,0.07,-0.1,-0.1
Fabian Frei,MF,Switzerland,33-344,1989,0.3,0,0,0,,0.00,0.00,,,,0,0,0,0.0,0.0,,0.0,0.0
Fabian Rieder,FW,Switzerland,20-305,2002,0.8,0,0,0,,0.00,0.00,,,,0,0,0,0.0,0.0,,0.0,0.0
Fabian Schär,DF,Switzerland,30-363,1991,1.5,0,2,0,0.0,1.33,0.00,0.00,,16.7,0,0,0,0.1,0.1,0.07,-0.1,-0.1
Fabinho,MF,Brazil,29-056,1993,1.0,0,0,0,,0.00,0.00,,,,0,0,0,0.0,0.0,,0.0,0.0
Facundo Pellistri,MF,Uruguay,20-363,2001,2.0,0,1,0,0.0,0.50,0.00,0.00,,11.5,0,0,0,0.2,0.2,0.17,-0.2,-0.2
Famara Diedhiou,FW,Senegal,30-003,1992,1.0,1,3,1,33.3,2.93,0.98,0.33,1.00,9.1,0,0,0,0.2,0.2,0.07,+0.8,+0.8
Federico Valverde,MF,Uruguay,24-149,1998,3.0,0,7,1,14.3,2.33,0.33,0.00,0.00,33.0,0,0,0,0.2,0.2,0.02,-0.2,-0.2
Ferjani Sassi,MF,Tunisia,30-275,1992,0.5,0,1,0,0.0,1.87,0.00,0.00,,33.3,0,0,0,0.0,0.0,0.02,0.0,0.0
Ferrán Torres,FW,Spain,22-292,2000,2.4,2,3,1,33.3,1.24,0.41,0.33,1.00,17.1,0,1,1,1.0,0.2,0.08,+1.0,+0.8
Filip Kostić,DF,Serbia,30-047,1992,2.0,0,1,0,0.0,0.50,0.00,0.00,,18.3,0,0,0,0.0,0.0,0.02,0.0,0.0
Filip Mladenović,DF,Serbia,31-125,1991,0.7,0,1,0,0.0,1.38,0.00,0.00,,10.7,0,0,0,0.0,0.0,0.02,0.0,0.0
Filip Đuričić,MF,Serbia,30-322,1992,0.2,0,0,0,,0.00,0.00,,,,0,0,0,0.0,0.0,,0.0,0.0
Firas Al-Buraikan,MF,Saudi Arabia,22-218,2000,3.0,0,2,0,0.0,0.67,0.00,0.00,,15.4,0,0,0,0.1,0.1,0.06,-0.1,-0.1
Fodé Ballo-Touré,DF,Senegal,25-349,1997,0.1,0,0,0,,0.00,0.00,,,,0,0,0,0.0,0.0,,0.0,0.0
Fran Karačić,DF,Australia,26-220,1996,1.0,0,3,0,0.0,2.90,0.00,0.00,,26.1,0,0,0,0.2,0.2,0.06,-0.2,-0.2
Francisco Calvo,DF,Costa Rica,30-163,1992,2.0,0,1,0,0.0,0.50,0.00,0.00,,28.8,0,0,0,0.0,0.0,0.01,0.0,0.0
Fred,MF,Brazil,29-288,1993,1.6,0,3,1,33.3,1.90,0.63,0.00,0.00,18.3,0,0,0,0.3,0.3,0.11,-0.3,-0.3
Frenkie de Jong,MF,Netherlands,25-220,1997,5.3,1,2,1,50.0,0.38,0.19,0.50,1.00,14.2,0,0,0,0.9,0.9,0.44,+0.1,+0.1
Félix Torres Caicedo,DF,Ecuador,25-341,1997,3.0,0,1,0,0.0,0.33,0.00,0.00,,8.5,0,0,0,0.1,0.1,0.12,-0.1,-0.1
Gabriel Jesus,FW,Brazil,25-259,1997,1.0,0,2,1,50.0,1.94,0.97,0.00,0.00,8.8,0,0,0,0.4,0.4,0.18,-0.4,-0.4
Garang Kuol,FW,Australia,18-094,2004,0.4,0,1,1,100.0,2.43,2.43,0.00,0.00,9.6,0,0,0,0.4,0.4,0.38,-0.4,-0.4
Gareth Bale,FW,Wales,33-155,1989,2.5,1,1,1,100.0,0.40,0.40,0.00,0.00,46.6,0,1,1,0.8,0.0,0.02,+0.2,0.0
Gavi,MF,Spain,18-135,2004,3.2,1,1,1,100.0,0.32,0.32,1.00,1.00,17.6,0,0,0,0.1,0.1,0.14,+0.9,+0.9
Gaël Ondoua,MF,Cameroon,27-044,1995,0.5,0,0,0,,0.00,0.00,,,,0,0,0,0.0,0.0,,0.0,0.0
Georges-Kévin N'Koudou,FW,Cameroon,27-308,1995,0.3,0,1,1,100.0,3.33,3.33,0.00,0.00,26.6,1,0,0,0.0,0.0,0.04,0.0,0.0
Germán Pezzella,DF,Argentina,31-174,1991,0.7,0,1,0,0.0,1.50,0.00,0.00,,10.0,0,0,0,0.1,0.1,0.07,-0.1,-0.1
Gerson Torres,MF,Costa Rica,25-112,1997,0.7,0,1,0,0.0,1.41,0.00,0.00,,30.8,0,0,0,0.0,0.0,0.01,0.0,0.0
Ghaylène Chaalali,MF,Tunisia,28-293,1994,0.2,0,0,0,,0.00,0.00,,,,0,0,0,0.0,0.0,,0.0,0.0
Gideon Mensah,DF,Ghana,24-153,1998,1.0,0,0,0,,0.00,0.00,,,,0,0,0,0.0,0.0,,0.0,0.0
Gio Reyna,FW,United States,20-035,2002,0.6,0,2,0,0.0,3.40,0.00,0.00,,20.9,0,0,0,0.1,0.1,0.03,-0.1,-0.1
Giorgian De Arrascaeta,MF,Uruguay,28-200,1994,1.2,2,3,3,100.0,2.50,2.50,0.67,0.67,9.6,0,0,0,1.2,1.2,0.40,+0.8,+0.8
Gleison Bremer,DF,Brazil,25-275,1997,1.2,0,1,0,0.0,0.83,0.00,0.00,,5.5,0,0,0,0.2,0.2,0.17,-0.2,-0.2
Gonzalo Montiel,DF,Argentina,25-351,1997,1.3,0,1,0,0.0,0.76,0.00,0.00,,27.3,0,0,0,0.0,0.0,0.02,0.0,0.0
Gonzalo Plata,MF,Ecuador,22-047,2000,3.0,0,2,1,50.0,0.67,0.33,0.00,0.00,15.2,0,0,0,0.1,0.1,0.07,-0.1,-0.1
Gonçalo Ramos,FW,Portugal,21-181,2001,1.7,3,7,5,71.4,4.14,2.96,0.43,0.60,11.3,0,0,0,1.6,1.6,0.22,+1.4,+1.4
Granit Xhaka,MF,Switzerland,30-082,1992,4.0,0,6,3,50.0,1.50,0.75,0.00,0.00,21.6,0,0,0,0.3,0.3,0.05,-0.3,-0.3
Gregor Kobel,GK,Switzerland,25-012,1997,1.0,0,0,0,,0.00,0.00,,,,0,0,0,0.0,0.0,,0.0,0.0
Grzegorz Krychowiak,MF,Poland,32-323,1990,3.7,0,1,0,0.0,0.27,0.00,0.00,,29.9,0,0,0,0.0,0.0,0.02,0.0,0.0
Guido Rodríguez,MF,Argentina,28-250,1994,0.6,0,0,0,,0.00,0.00,,,,0,0,0,0.0,0.0,,0.0,0.0
Guillermo Ochoa,GK,Mexico,37-158,1985,3.0,0,0,0,,0.00,0.00,,,,0,0,0,0.0,0.0,,0.0,0.0
Guillermo Varela,DF,Uruguay,29-269,1993,2.0,0,0,0,,0.00,0.00,,,,0,0,0,0.0,0.0,,0.0,0.0
Haji Wright,FW,United States,24-266,1998,1.5,1,6,2,33.3,3.94,1.31,0.17,0.50,13.6,0,0,0,0.5,0.5,0.09,+0.5,+0.5
Hakim Ziyech,FW,Morocco,29-274,1993,7.1,1,10,2,20.0,1.42,0.28,0.10,0.50,27.2,1,0,0,0.4,0.4,0.04,+0.6,+0.6
Hannibal Mejbri,MF,Tunisia,19-331,2003,0.1,0,0,0,,0.00,0.00,,,,0,0,0,0.0,0.0,,0.0,0.0
Haris Seferović,FW,Switzerland,30-299,1992,0.8,0,1,0,0.0,1.27,0.00,0.00,,12.8,0,0,0,0.2,0.2,0.19,-0.2,-0.2
Harry Kane,FW,England,29-143,1993,4.5,2,10,5,50.0,2.24,1.12,0.10,0.20,20.4,0,1,2,2.7,1.1,0.11,-0.7,-0.1
Harry Maguire,DF,England,29-288,1993,4.8,0,6,1,16.7,1.26,0.21,0.00,0.00,10.0,0,0,0,0.4,0.4,0.06,-0.4,-0.4
Harry Souttar,DF,Australia,24-057,1998,4.0,0,1,0,0.0,0.25,0.00,0.00,,8.5,0,0,0,0.1,0.1,0.08,-0.1,-0.1
Harry Wilson,MF,Wales,25-271,1997,1.8,0,2,0,0.0,1.13,0.00,0.00,,20.9,1,0,0,0.1,0.1,0.05,-0.1,-0.1
Hassan Al Tambakti,DF,Saudi Arabia,23-312,1999,2.0,0,0,0,,0.00,0.00,,,,0,0,0,0.0,0.0,,0.0,0.0
Hassan Al-Haydos,MF,Qatar,32-007,1990,2.3,0,1,1,100.0,0.44,0.44,0.00,0.00,29.2,0,0,0,0.0,0.0,0.01,0.0,0.0
Hattan Bahebri,MF,Saudi Arabia,30-155,1992,0.0,0,0,0,,0.00,0.00,,,,0,0,0,0.0,0.0,,0.0,0.0
Henry Martín,FW,Mexico,30-030,1992,1.6,1,4,2,50.0,2.47,1.23,0.25,0.50,9.9,0,0,0,0.9,0.9,0.23,+0.1,+0.1
Hernán Galíndez,GK,Ecuador,35-263,1987,3.0,0,0,0,,0.00,0.00,,,,0,0,0,0.0,0.0,,0.0,0.0
Hidemasa Morita,MF,Japan,27-222,1995,3.2,0,3,1,33.3,0.95,0.32,0.00,0.00,22.9,0,0,0,0.2,0.2,0.05,-0.2,-0.2
Hiroki Ito,DF,Japan,23-220,1999,0.5,0,0,0,,0.00,0.00,,,,0,0,0,0.0,0.0,,0.0,0.0
Hiroki Sakai,MF,Japan,32-250,1990,1.3,0,1,0,0.0,0.76,0.00,0.00,,5.4,0,0,0,0.5,0.5,0.53,-0.5,-0.5
Hirving Lozano,FW,Mexico,27-141,1995,2.8,0,6,3,50.0,2.14,1.07,0.00,0.00,26.0,1,0,0,0.2,0.2,0.03,-0.2,-0.2
Homam Ahmed,DF,Qatar,23-115,1999,2.9,0,0,0,,0.00,0.00,,,,0,0,0,0.0,0.0,,0.0,0.0
Hong Chul,DF,Korea Republic,32-092,1990,0.5,0,0,0,,0.00,0.00,,,,0,0,0,0.0,0.0,,0.0,0.0
Hossein Hosseini,GK,IR Iran,30-171,1992,1.8,0,0,0,,0.00,0.00,,,,0,0,0,0.0,0.0,,0.0,0.0
Hossein Kanaanizadegan,DF,IR Iran,28-270,1994,0.5,0,0,0,,0.00,0.00,,,,0,0,0,0.0,0.0,,0.0,0.0
Hugo Lloris,GK,France,35-357,1986,6.3,0,0,0,,0.00,0.00,,,,0,0,0,0.0,0.0,,0.0,0.0
Hwang Hee-chan,MF,Korea Republic,26-326,1996,1.3,1,6,5,83.3,4.70,3.91,0.17,0.20,17.5,0,0,0,0.9,0.9,0.15,+0.1,+0.1
Hwang In-beom,MF,Korea Republic,26-089,1996,3.7,0,6,1,16.7,1.62,0.27,0.00,0.00,27.1,0,0,0,0.2,0.2,0.04,-0.2,-0.2
Hwang Ui-jo,FW,Korea Republic,30-112,1992,1.2,0,1,0,0.0,0.85,0.00,0.00,,10.5,0,0,0,0.5,0.5,0.47,-0.5,-0.5
Héctor Herrera,MF,Mexico,32-243,1990,1.8,0,0,0,,0.00,0.00,,,,0,0,0,0.0,0.0,,0.0,0.0
Héctor Moreno,DF,Mexico,34-335,1988,3.0,0,1,0,0.0,0.33,0.00,0.00,,5.8,0,0,0,0.2,0.2,0.18,-0.2,-0.2
Ibrahima Konaté,DF,France,23-207,1999,3.3,0,2,1,50.0,0.61,0.31,0.00,0.00,7.7,0,0,0,0.4,0.4,0.18,-0.4,-0.4
Idrissa Gana Gueye,MF,Senegal,33-083,1989,3.0,0,4,1,25.0,1.33,0.33,0.00,0.00,19.6,0,0,0,0.3,0.3,0.08,-0.3,-0.3
Ilias Chair,MF,Morocco,25-049,1997,0.5,0,0,0,,0.00,0.00,,,,0,0,0,0.0,0.0,,0.0,0.0
Iliman Ndiaye,FW,Senegal,22-287,2000,1.5,0,2,0,0.0,1.33,0.00,0.00,,18.6,0,0,0,0.1,0.1,0.07,-0.1,-0.1
Ismail Jakobs,DF,Senegal,23-123,1999,3.1,0,1,0,0.0,0.32,0.00,0.00,,31.0,0,0,0,0.0,0.0,0.01,0.0,0.0
Ismail Mohamad,FW,Qatar,32-257,1990,1.9,0,2,2,100.0,1.03,1.03,0.00,0.00,,,0,0,,,,,
Ismaila Sarr,FW,Senegal,24-296,1998,3.8,1,10,1,10.0,2.62,0.26,0.00,0.00,16.5,0,1,1,1.7,0.9,0.09,-0.7,-0.9
Ismaël Koné,MF,Canada,20-195,2002,1.2,0,0,0,,0.00,0.00,,,,0,0,0,0.0,0.0,,0.0,0.0
Issam Jebali,FW,Tunisia,30-358,1991,2.0,0,3,1,33.3,1.48,0.49,0.00,0.00,10.4,0,0,0,0.5,0.5,0.18,-0.5,-0.5
Ivan Ilić,MF,Serbia,21-276,2001,0.4,0,0,0,,0.00,0.00,,,,0,0,0,0.0,0.0,,0.0,0.0
Ivan Perišić,FW,Croatia,33-319,1989,7.4,1,16,4,25.0,2.15,0.54,0.06,0.25,20.0,1,0,0,0.9,0.9,0.06,+0.1,+0.1
Iñaki Williams,FW,Ghana,28-186,1994,3.0,0,2,0,0.0,0.67,0.00,0.00,,20.1,0,0,0,0.3,0.3,0.15,-0.3,-0.3
Jack Grealish,FW,England,27-099,1995,1.0,1,1,1,100.0,1.05,1.05,1.00,1.00,8.8,0,0,0,0.6,0.6,0.65,+0.4,+0.4
Jackson Irvine,MF,Australia,29-286,1993,3.9,0,3,0,0.0,0.76,0.00,0.00,,9.3,0,0,0,0.5,0.5,0.17,-0.5,-0.5
Jackson Porozo,DF,Ecuador,22-136,2000,1.1,0,1,0,0.0,0.94,0.00,0.00,,15.0,0,0,0,0.1,0.1,0.05,-0.1,-0.1
Jakub Kamiński,MF,Poland,20-196,2002,2.6,0,4,1,25.0,1.55,0.39,0.00,0.00,10.1,0,0,0,0.4,0.3,0.07,-0.4,-0.3
Jakub Kiwior,DF,Poland,22-306,2000,3.9,0,1,0,0.0,0.25,0.00,0.00,,10.5,0,0,0,0.0,0.0,0.03,0.0,0.0
Jamal Musiala,MF,Germany,19-295,2003,2.9,0,12,3,25.0,4.19,1.05,0.00,0.00,14.5,0,0,0,1.9,1.9,0.16,-1.9,-1.9
Jamie Maclaren,FW,Australia,29-142,1993,0.6,0,0,0,,0.00,0.00,,,,0,0,0,0.0,0.0,,0.0,0.0
Jan Bednarek,DF,Poland,26-250,1996,0.1,0,0,0,,0.00,0.00,,,,0,0,0,0.0,0.0,,0.0,0.0
Jan Vertonghen,DF,Belgium,35-238,1987,3.0,0,2,0,0.0,0.67,0.00,0.00,,10.4,0,0,0,0.2,0.2,0.08,-0.2,-0.2
Jason Cummings,FW,Australia,27-139,1995,0.4,0,0,0,,0.00,0.00,,,,0,0,0,0.0,0.0,,0.0,0.0
Jawad El Yamiq,DF,Morocco,30-292,1992,3.4,0,2,1,50.0,0.58,0.29,0.00,0.00,12.4,0,0,0,0.1,0.1,0.05,-0.1,-0.1
Jean-Charles Castelletto,DF,Cameroon,27-326,1995,2.0,1,1,1,100.0,0.50,0.50,1.00,1.00,1.1,0,0,0,0.9,0.9,0.95,+0.1,+0.1
Jeong Woo-yeong,MF,Korea Republic,23-089,1999,0.5,0,1,0,0.0,2.00,0.00,0.00,,24.4,0,0,0,0.0,0.0,0.03,0.0,0.0
Jeremy Doku,MF,Belgium,20-205,2002,0.2,0,0,0,,0.00,0.00,,,,0,0,0,0.0,0.0,,0.0,0.0
Jeremy Sarmiento,MF,Ecuador,20-185,2002,0.9,0,1,1,100.0,1.06,1.06,0.00,0.00,14.5,0,0,0,0.1,0.1,0.07,-0.1,-0.1
Jerome Ngom Mbekeli,MF,Cameroon,24-079,1998,0.1,0,0,0,,0.00,0.00,,,,0,0,0,0.0,0.0,,0.0,0.0
Jesper Lindstrøm,MF,Denmark,22-292,2000,2.2,0,3,1,33.3,1.35,0.45,0.00,0.00,16.2,0,0,0,0.3,0.3,0.10,-0.3,-0.3
Jesús Ferreira,FW,United States,21-359,2000,0.5,0,0,0,,0.00,0.00,,,,0,0,0,0.0,0.0,,0.0,0.0
Jesús Gallardo,DF,Mexico,28-125,1994,3.0,0,1,0,0.0,0.33,0.00,0.00,,15.1,0,0,0,0.1,0.1,0.12,-0.1,-0.1
Jewison Bennette,MF,Costa Rica,18-186,2004,1.1,0,1,0,0.0,0.87,0.00,0.00,,28.6,0,0,0,0.0,0.0,0.04,0.0,0.0
Jhegson Méndez,MF,Ecuador,25-236,1997,2.0,0,0,0,,0.00,0.00,,,,0,0,0,0.0,0.0,,0.0,0.0
Joachim Andersen,DF,Denmark,26-201,1996,3.0,0,4,1,25.0,1.33,0.33,0.00,0.00,18.1,0,0,0,0.1,0.1,0.02,-0.1,-0.1
Joakim Mæhle,DF,Denmark,25-212,1997,2.8,0,2,0,0.0,0.72,0.00,0.00,,28.9,0,0,0,0.0,0.0,0.02,0.0,0.0
Joe Allen,MF,Wales,32-279,1990,1.0,0,2,0,0.0,1.91,0.00,0.00,,24.3,0,0,0,0.1,0.1,0.05,-0.1,-0.1
Joe Morrell,MF,Wales,25-349,1997,0.4,0,0,0,,0.00,0.00,,,,0,0,0,0.0,0.0,,0.0,0.0
Joe Rodon,DF,Wales,25-057,1997,3.0,0,0,0,,0.00,0.00,,,,0,0,0,0.0,0.0,,0.0,0.0
Joel Campbell,FW,Costa Rica,30-175,1992,3.0,0,1,0,0.0,0.33,0.00,0.00,,21.1,0,0,0,0.0,0.0,0.01,0.0,0.0
Johan Venegas,FW,Costa Rica,34-021,1988,0.8,0,0,0,,0.00,0.00,,,,0,0,0,0.0,0.0,,0.0,0.0
John Stones,DF,England,28-204,1994,4.8,0,4,1,25.0,0.83,0.21,0.00,0.00,9.6,0,0,0,0.4,0.4,0.09,-0.4,-0.4
Jonas Hofmann,FW,Germany,30-157,1992,0.3,0,1,1,100.0,3.00,3.00,0.00,0.00,11.5,0,0,0,0.3,0.3,0.27,-0.3,-0.3
Jonathan David,FW,Canada,22-338,2000,2.1,0,8,1,12.5,3.75,0.47,0.00,0.00,14.1,0,0,0,1.0,0.7,0.09,-1.0,-0.7
Jonathan Osorio,MF,Canada,30-189,1992,1.3,0,1,0,0.0,0.76,0.00,0.00,,23.7,0,0,0,0.1,0.1,0.06,-0.1,-0.1
Jordan Ayew,FW,Ghana,31-098,1991,1.5,0,1,1,100.0,0.66,0.66,0.00,0.00,21.2,0,0,0,0.1,0.1,0.05,-0.1,-0.1
Jordan Henderson,MF,England,32-184,1990,3.0,1,2,1,50.0,0.66,0.33,0.50,1.00,18.5,0,0,0,0.2,0.2,0.08,+0.8,+0.8
Jordan Morris,FW,United States,28-053,1994,0.0,0,0,0,,0.00,0.00,,,,0,0,0,0.0,0.0,,0.0,0.0
Jordan Pickford,GK,England,28-286,1994,5.0,0,0,0,,0.00,0.00,,,,0,0,0,0.0,0.0,,0.0,0.0
Jordan Veretout,MF,France,29-292,1993,0.7,0,0,0,,0.00,0.00,,,,0,0,0,0.0,0.0,,0.0,0.0
Jordi Alba,DF,Spain,33-272,1989,2.9,0,2,0,0.0,0.68,0.00,0.00,,26.6,0,0,0,0.0,0.0,0.02,0.0,0.0
Jorge Eduardo Sánchez,DF,Mexico,25-008,1997,1.9,0,1,1,100.0,0.51,0.51,0.00,0.00,18.3,0,0,0,0.0,0.0,0.02,0.0,0.0
Josh Sargent,FW,United States,22-301,2000,1.7,0,4,1,25.0,2.29,0.57,0.00,0.00,14.0,0,0,0,0.4,0.4,0.09,-0.4,-0.4
Joshua Kimmich,MF,Germany,27-313,1995,3.0,0,7,4,57.1,2.33,1.33,0.00,0.00,25.9,1,0,0,0.4,0.4,0.05,-0.4,-0.4
Josip Juranović,DF,Croatia,27-124,1995,6.7,0,1,0,0.0,0.15,0.00,0.00,,18.1,0,0,0,0.0,0.0,0.03,0.0,0.0
Josip Stanišić,DF,Croatia,22-260,2000,1.0,0,1,0,0.0,1.00,0.00,0.00,,28.6,0,0,0,0.0,0.0,0.02,0.0,0.0
Josip Šutalo,DF,Croatia,22-293,2000,1.0,0,0,0,,0.00,0.00,,,,0,0,0,0.0,0.0,,0.0,0.0
José Cifuentes,MF,Ecuador,23-281,1999,0.7,0,1,1,100.0,1.53,1.53,0.00,0.00,29.4,0,0,0,0.0,0.0,0.02,0.0,0.0
José María Giménez,DF,Uruguay,27-332,1995,3.0,0,3,0,0.0,1.00,0.00,0.00,,13.2,0,0,0,0.2,0.2,0.06,-0.2,-0.2
João Cancelo,DF,Portugal,28-205,1994,3.4,0,2,1,50.0,0.58,0.29,0.00,0.00,15.4,0,0,0,0.0,0.0,0.02,0.0,0.0
João Félix,FW,Portugal,23-038,1999,3.7,1,11,3,27.3,2.99,0.82,0.09,0.33,18.6,0,0,0,0.9,0.9,0.08,+0.1,+0.1
João Mário,FW,Portugal,29-333,1993,0.9,0,0,0,,0.00,0.00,,,,0,0,0,0.0,0.0,,0.0,0.0
João Palhinha,MF,Portugal,27-162,1995,0.4,0,1,0,0.0,2.37,0.00,0.00,,33.2,0,0,0,0.0,0.0,0.03,0.0,0.0
Joško Gvardiol,DF,Croatia,20-329,2002,7.7,1,2,1,50.0,0.26,0.13,0.50,1.00,16.8,0,0,0,0.1,0.1,0.07,+0.9,+0.9
Juan Foyth,DF,Argentina,24-340,1998,0.1,0,0,0,,0.00,0.00,,,,0,0,0,0.0,0.0,,0.0,0.0
Juan Pablo Vargas,DF,Costa Rica,27-195,1995,1.0,1,2,2,100.0,2.00,2.00,0.50,0.50,3.9,0,0,0,0.5,0.5,0.27,+0.5,+0.5
Jude Bellingham,MF,England,19-172,2003,4.6,1,5,3,60.0,1.09,0.65,0.20,0.33,12.4,0,0,0,0.6,0.6,0.11,+0.4,+0.4
Jules Koundé,DF,France,24-036,1998,5.3,0,4,1,25.0,0.75,0.19,0.00,0.00,19.9,0,0,0,0.2,0.2,0.05,-0.2,-0.2
Julián Álvarez,FW,Argentina,22-321,2000,5.2,4,11,8,72.7,2.13,1.55,0.36,0.50,12.2,0,0,0,2.6,2.6,0.24,+1.4,+1.4
Jung Woo-young,MF,Korea Republic,33-004,1989,3.4,0,1,0,0.0,0.30,0.00,0.00,,25.1,0,0,0,0.0,0.0,0.03,0.0,0.0
Junior Hoilett,FW,Canada,32-196,1990,1.8,0,4,0,0.0,2.24,0.00,0.00,,24.3,0,0,0,0.1,0.1,0.03,-0.1,-0.1
Junya Ito,MF,Japan,29-284,1993,3.6,0,2,1,50.0,0.56,0.28,0.00,0.00,11.1,0,0,0,0.2,0.2,0.09,-0.2,-0.2
Jurriën Timber,DF,Netherlands,21-184,2001,4.3,0,0,0,,0.00,0.00,,,,0,0,0,0.0,0.0,,0.0,0.0
Kai Havertz,FW,Germany,23-190,1999,1.1,2,5,3,60.0,4.41,2.65,0.40,0.67,13.1,0,0,0,1.4,1.4,0.27,+0.6,+0.6
Kalidou Koulibaly,DF,Senegal,31-181,1991,4.0,1,2,1,50.0,0.50,0.25,0.50,1.00,7.9,0,0,0,0.5,0.5,0.25,+0.5,+0.5
Kalvin Phillips,MF,England,27-016,1995,0.5,0,0,0,,0.00,0.00,,,,0,0,0,0.0,0.0,,0.0,0.0
Kamal Miller,DF,Canada,25-216,1997,3.0,0,0,0,,0.00,0.00,,,,0,0,0,0.0,0.0,,0.0,0.0
Kamaldeen Sulemana,FW,Ghana,20-306,2002,0.6,0,1,1,100.0,1.55,1.55,0.00,0.00,21.8,0,0,0,0.1,0.1,0.06,-0.1,-0.1
Kamil Glik,DF,Poland,34-318,1988,4.0,0,3,0,0.0,0.75,0.00,0.00,,11.6,0,0,0,0.2,0.2,0.08,-0.2,-0.2
Kamil Grosicki,MF,Poland,34-193,1988,0.0,0,0,0,,0.00,0.00,,,,0,0,0,0.0,0.0,,0.0,0.0
Kaoru Mitoma,MF,Japan,25-212,1997,1.8,0,1,1,100.0,0.55,0.55,0.00,0.00,21.5,0,0,0,0.1,0.1,0.08,-0.1,-0.1
Karim Ansarifard,FW,IR Iran,32-259,1990,0.4,0,1,0,0.0,2.57,0.00,0.00,,21.9,0,0,0,0.1,0.1,0.07,-0.1,-0.1
Karim Boudiaf,MF,Qatar,32-093,1990,2.1,0,0,0,,0.00,0.00,,,,0,0,0,0.0,0.0,,0.0,0.0
Karl Toko Ekambi,FW,Cameroon,30-095,1992,1.8,0,2,1,50.0,1.08,0.54,0.00,0.00,15.6,0,0,0,0.2,0.2,0.09,-0.2,-0.2
Karol Świderski,FW,Poland,25-329,1997,0.5,0,0,0,,0.00,0.00,,,,0,0,0,0.0,0.0,,0.0,0.0
Kasper Dolberg,FW,Denmark,25-073,1997,1.3,0,3,1,33.3,2.37,0.79,0.00,0.00,8.6,0,0,0,0.4,0.4,0.13,-0.4,-0.4
Kasper Schmeichel,GK,Denmark,36-043,1986,3.0,0,0,0,,0.00,0.00,,,,0,0,0,0.0,0.0,,0.0,0.0
Keanu Baccus,MF,Australia,24-194,1998,1.3,0,1,0,0.0,0.79,0.00,0.00,,23.9,0,0,0,0.0,0.0,0.05,0.0,0.0
Kellyn Acosta,MF,United States,27-147,1995,0.5,0,0,0,,0.00,0.00,,,,0,0,0,0.0,0.0,,0.0,0.0
Kendall Waston,DF,Costa Rica,34-351,1988,2.5,0,1,1,100.0,0.40,0.40,0.00,0.00,10.5,0,0,0,0.2,0.2,0.15,-0.2,-0.2
Kenneth Taylor,MF,Netherlands,20-216,2002,0.1,0,0,0,,0.00,0.00,,,,0,0,0,0.0,0.0,,0.0,0.0
Kevin De Bruyne,FW,Belgium,31-173,1991,3.0,0,7,2,28.6,2.33,0.67,0.00,0.00,23.3,1,0,0,0.2,0.2,0.03,-0.2,-0.2
Kevin Rodríguez,FW,Ecuador,22-289,2000,0.0,0,2,1,50.0,90.00,45.00,0.00,0.00,,,0,0,,,,,
Kevin Álvarez,DF,Mexico,23-337,1999,0.8,0,0,0,,0.00,0.00,,,,0,0,0,0.0,0.0,,0.0,0.0
Keylor Navas,GK,Costa Rica,36-003,1986,3.0,0,0,0,,0.00,0.00,,,,0,0,0,0.0,0.0,,0.0,0.0
Keysher Fuller,DF,Costa Rica,28-160,1994,2.8,1,3,2,66.7,1.07,0.71,0.33,0.50,15.5,0,0,0,0.4,0.4,0.13,+0.6,+0.6
Kieffer Moore,FW,Wales,30-132,1992,2.5,0,6,2,33.3,2.40,0.80,0.00,0.00,16.2,0,0,0,1.0,1.0,0.17,-1.0,-1.0
Kieran Trippier,DF,England,32-090,1990,2.3,0,1,0,0.0,0.44,0.00,0.00,,27.2,1,0,0,0.0,0.0,0.05,0.0,0.0
Kim Jin-su,DF,Korea Republic,30-188,1992,3.5,0,4,0,0.0,1.14,0.00,0.00,,11.2,0,0,0,0.3,0.3,0.08,-0.3,-0.3
Kim Min-jae,DF,Korea Republic,26-033,1996,3.0,0,2,0,0.0,0.67,0.00,0.00,,8.2,0,0,0,0.1,0.1,0.05,-0.1,-0.1
Kim Moonhwan,DF,Korea Republic,27-139,1995,4.0,0,0,0,,0.00,0.00,,,,0,0,0,0.0,0.0,,0.0,0.0
Kim Seung-gyu,GK,Korea Republic,32-079,1990,4.0,0,0,0,,0.00,0.00,,,,0,0,0,0.0,0.0,,0.0,0.0
Kim Young-gwon,DF,Korea Republic,32-294,1990,3.9,1,2,1,50.0,0.51,0.26,0.50,1.00,10.9,0,0,0,0.8,0.8,0.38,+0.2,+0.2
Kingsley Coman,FW,France,26-188,1996,1.9,0,1,0,0.0,0.53,0.00,0.00,,10.7,0,0,0,0.2,0.2,0.16,-0.2,-0.2
Ko Itakura,DF,Japan,25-325,1997,3.0,0,3,1,33.3,1.00,0.33,0.00,0.00,14.6,0,0,0,0.2,0.2,0.05,-0.2,-0.2
Koke,MF,Spain,30-344,1992,0.6,0,0,0,,0.00,0.00,,,,0,0,0,0.0,0.0,,0.0,0.0
Kristijan Jakić,FW,Croatia,25-218,1997,0.0,0,0,0,,0.00,0.00,,,,0,0,0,0.0,0.0,,0.0,0.0
Krystian Bielik,MF,Poland,24-348,1998,2.4,0,2,0,0.0,0.83,0.00,0.00,,15.8,0,0,0,0.2,0.2,0.09,-0.2,-0.2
Krzysztof Piątek,FW,Poland,27-170,1995,0.3,0,1,0,0.0,3.21,0.00,0.00,,15.6,0,0,0,0.0,0.0,0.03,0.0,0.0
Krépin Diatta,FW,Senegal,23-296,1999,2.0,0,3,1,33.3,1.49,0.50,0.00,0.00,16.5,0,0,0,0.1,0.1,0.04,-0.1,-0.1
Kudus Mohammed,FW,Ghana,22-138,2000,2.7,2,8,4,50.0,2.91,1.46,0.25,0.50,21.8,0,0,0,0.8,0.8,0.10,+1.2,+1.2
Kwon Chang-hoon,FW,Korea Republic,28-171,1994,0.6,0,0,0,,0.00,0.00,,,,0,0,0,0.0,0.0,,0.0,0.0
Kwon Kyung-won,DF,Korea Republic,30-321,1992,1.0,0,1,0,0.0,0.99,0.00,0.00,,33.8,0,0,0,0.0,0.0,0.02,0.0,0.0
Kye Rowles,DF,Australia,24-177,1998,4.0,0,0,0,,0.00,0.00,,,,0,0,0,0.0,0.0,,0.0,0.0
Kyle Walker,DF,England,32-204,1990,2.6,0,0,0,,0.00,0.00,,,,0,0,0,0.0,0.0,,0.0,0.0
Kylian Mbappé,FW,France,23-363,1998,6.6,8,29,11,37.9,4.36,1.66,0.21,0.55,17.1,1,2,2,5.2,3.6,0.13,+2.8,+2.4
Lautaro Martínez,FW,Argentina,25-118,1997,2.7,0,14,4,28.6,5.23,1.49,0.00,0.00,12.6,0,0,0,1.8,1.8,0.13,-1.8,-1.8
Lawrence Ati-Zigi,GK,Ghana,26-019,1996,3.0,0,0,0,,0.00,0.00,,,,0,0,0,0.0,0.0,,0.0,0.0
Leander Dendoncker,DF,Belgium,27-247,1995,1.8,0,1,0,0.0,0.56,0.00,0.00,,9.6,0,0,0,0.1,0.1,0.08,-0.1,-0.1
Leandro Paredes,MF,Argentina,28-172,1994,2.5,0,1,1,100.0,0.40,0.40,0.00,0.00,30.6,0,0,0,0.0,0.0,0.03,0.0,0.0
Leandro Trossard,FW,Belgium,28-014,1994,1.1,0,0,0,,0.00,0.00,,,,0,0,0,0.0,0.0,,0.0,0.0
Lee Jae-sung,MF,Korea Republic,30-130,1992,2.3,0,1,0,0.0,0.43,0.00,0.00,,26.8,0,0,0,0.0,0.0,0.02,0.0,0.0
Lee Kangin,MF,Korea Republic,21-302,2001,1.6,0,5,1,20.0,3.06,0.61,0.00,0.00,25.9,2,0,0,0.2,0.2,0.03,-0.2,-0.2
Leon Goretzka,MF,Germany,27-315,1995,1.8,0,4,1,25.0,2.26,0.57,0.00,0.00,16.7,0,0,0,0.5,0.5,0.11,-0.5,-0.5
Leroy Sané,FW,Germany,26-341,1996,1.2,0,3,0,0.0,2.43,0.00,0.00,,25.4,0,0,0,0.1,0.1,0.04,-0.1,-0.1
Liam Millar,DF,Canada,23-082,1999,0.1,0,0,0,,0.00,0.00,,,,0,0,0,0.0,0.0,,0.0,0.0
Lionel Messi,FW,Argentina,35-177,1987,7.7,7,27,13,48.1,3.52,1.70,0.11,0.23,21.0,3,4,5,6.6,2.6,0.10,+0.4,+0.4
Lisandro Martínez,DF,Argentina,24-334,1998,3.4,0,1,0,0.0,0.30,0.00,0.00,,10.1,0,0,0,0.1,0.1,0.12,-0.1,-0.1
Lovro Majer,MF,Croatia,24-335,1998,1.4,1,4,2,50.0,2.77,1.38,0.25,0.50,23.2,0,0,0,0.7,0.7,0.18,+0.3,+0.3
Loïs Openda,FW,Belgium,22-305,2000,0.1,0,0,0,,0.00,0.00,,,,0,0,0,0.0,0.0,,0.0,0.0
Lucas Cavallini,FW,Canada,29-355,1992,0.2,0,0,0,,0.00,0.00,,,,0,0,0,0.0,0.0,,0.0,0.0
Lucas Hernández,DF,France,26-307,1996,0.1,0,0,0,,0.00,0.00,,,,0,0,0,0.0,0.0,,0.0,0.0
Lucas Paquetá,MF,Brazil,25-113,1997,3.5,1,4,4,100.0,1.15,1.15,0.25,0.25,11.7,0,0,0,0.8,0.8,0.21,+0.2,+0.2
Luis Chávez,MF,Mexico,26-337,1996,3.0,1,10,4,40.0,3.33,1.33,0.10,0.25,31.4,4,0,0,0.3,0.3,0.03,+0.7,+0.7
Luis Suárez,FW,Uruguay,35-328,1987,1.6,0,2,1,50.0,1.23,0.62,0.00,0.00,7.5,0,0,0,0.4,0.4,0.21,-0.4,-0.4
Luka Jović,FW,Serbia,24-360,1997,0.4,0,2,0,0.0,5.00,0.00,0.00,,17.6,0,0,0,0.1,0.1,0.03,-0.1,-0.1
Luka Modrić,MF,Croatia,37-100,1985,7.3,0,6,4,66.7,0.83,0.55,0.00,0.00,21.1,0,0,0,0.4,0.4,0.06,-0.4,-0.4
Lukas Klostermann,DF,Germany,26-198,1996,0.7,0,0,0,,0.00,0.00,,,,0,0,0,0.0,0.0,,0.0,0.0
Luke Shaw,DF,England,27-159,1995,4.7,0,3,1,33.3,0.64,0.21,0.00,0.00,23.1,1,0,0,0.1,0.1,0.03,-0.1,-0.1
Luuk de Jong,FW,Netherlands,32-113,1990,0.6,0,1,0,0.0,1.58,0.00,0.00,,13.0,0,0,0,0.1,0.1,0.08,-0.1,-0.1
Majid Hosseini,DF,IR Iran,26-181,1996,3.0,0,0,0,,0.00,0.00,,,,0,0,0,0.0,0.0,,0.0,0.0
Manuel Akanji,DF,Switzerland,27-152,1995,4.0,1,4,1,25.0,1.00,0.25,0.25,1.00,12.3,1,0,0,1.1,1.1,0.28,-0.1,-0.1
Manuel Neuer,GK,Germany,36-266,1986,3.0,0,0,0,,0.00,0.00,,,,0,0,0,0.0,0.0,,0.0,0.0
Marcelo Brozović,MF,Croatia,30-032,1992,6.1,0,4,2,50.0,0.65,0.33,0.00,0.00,17.4,0,0,0,0.5,0.5,0.13,-0.5,-0.5
Marco Asensio,FW,Spain,26-331,1996,2.5,1,10,2,20.0,3.93,0.79,0.10,0.50,20.1,0,0,0,1.2,1.2,0.12,-0.2,-0.2
Marcos Acuña,DF,Argentina,31-051,1991,4.1,0,2,0,0.0,0.48,0.00,0.00,,17.9,0,0,0,0.1,0.1,0.04,-0.1,-0.1
Marcos Llorente,DF,Spain,27-322,1995,1.3,0,1,0,0.0,0.75,0.00,0.00,,22.4,0,0,0,0.0,0.0,0.02,0.0,0.0
Marcus Rashford,FW,England,25-048,1997,1.6,3,11,6,54.5,7.07,3.86,0.27,0.50,16.6,2,0,0,1.6,1.6,0.15,+1.4,+1.4
Marcus Thuram,FW,France,25-134,1997,1.7,0,1,0,0.0,0.60,0.00,0.00,,5.4,0,0,0,0.2,0.2,0.22,-0.2,-0.2
Mario Götze,MF,Germany,30-198,1992,0.4,0,1,1,100.0,2.50,2.50,0.00,0.00,14.3,0,0,0,0.1,0.1,0.09,-0.1,-0.1
Mario Pašalić,FW,Croatia,27-312,1995,3.0,0,3,0,0.0,1.00,0.00,0.00,,7.8,0,0,0,0.3,0.3,0.09,-0.3,-0.3
Mark-Anthony Kaye,MF,Canada,28-016,1994,0.7,0,1,0,0.0,1.53,0.00,0.00,,25.5,0,0,0,0.0,0.0,0.04,0.0,0.0
Marko Grujić,MF,Serbia,26-249,1996,0.1,0,1,1,100.0,6.92,6.92,0.00,0.00,29.6,0,0,0,0.0,0.0,0.04,0.0,0.0
Marko Livaja,FW,Croatia,29-114,1993,2.7,1,6,4,66.7,2.24,1.49,0.17,0.25,15.1,0,0,0,0.8,0.8,0.13,+0.2,+0.2
Marquinhos,DF,Brazil,28-218,1994,4.7,0,2,0,0.0,0.42,0.00,0.00,,10.4,0,0,0,0.2,0.2,0.08,-0.2,-0.2
Marten de Roon,MF,Netherlands,31-264,1991,2.0,0,0,0,,0.00,0.00,,,,0,0,0,0.0,0.0,,0.0,0.0
Martin Braithwaite,FW,Denmark,31-196,1991,1.1,0,1,0,0.0,0.87,0.00,0.00,,11.5,0,0,0,0.1,0.1,0.07,-0.1,-0.1
Martin Hongla,MF,Cameroon,24-277,1998,1.3,0,1,1,100.0,0.74,0.74,0.00,0.00,13.0,0,0,0,0.1,0.1,0.05,-0.1,-0.1
Martinelli,FW,Brazil,21-183,2001,1.3,0,4,3,75.0,3.19,2.39,0.00,0.00,13.2,0,0,0,0.5,0.5,0.13,-0.5,-0.5
Martín Cáceres,DF,Uruguay,35-255,1987,1.0,0,0,0,,0.00,0.00,,,,0,0,0,0.0,0.0,,0.0,0.0
Mason Mount,MF,England,23-342,1999,2.1,0,4,1,25.0,1.94,0.48,0.00,0.00,23.0,0,0,0,0.2,0.2,0.05,-0.2,-0.2
Mateo Kovačić,MF,Croatia,28-226,1994,7.1,0,3,1,33.3,0.43,0.14,0.00,0.00,17.0,0,0,0,0.3,0.3,0.11,-0.3,-0.3
Matheus Nunes,MF,Portugal,24-113,1998,0.8,0,1,0,0.0,1.23,0.00,0.00,,30.8,0,0,0,0.0,0.0,0.02,0.0,0.0
Mathew Leckie,MF,Australia,31-317,1991,3.7,1,1,1,100.0,0.27,0.27,1.00,1.00,13.6,0,0,0,0.1,0.1,0.15,+0.9,+0.9
Mathew Ryan,GK,Australia,30-254,1992,4.0,0,0,0,,0.00,0.00,,,,0,0,0,0.0,0.0,,0.0,0.0
Mathias Jensen,MF,Denmark,26-351,1996,0.9,0,2,1,50.0,2.14,1.07,0.00,0.00,17.9,0,0,0,0.1,0.1,0.05,-0.1,-0.1
Mathías Olivera,DF,Uruguay,25-048,1997,2.8,0,2,0,0.0,0.71,0.00,0.00,,16.9,0,0,0,0.1,0.1,0.05,-0.1,-0.1
Matt Turner,GK,United States,28-177,1994,4.0,0,0,0,,0.00,0.00,,,,0,0,0,0.0,0.0,,0.0,0.0
Matthias Ginter,DF,Germany,28-333,1994,0.0,0,0,0,,0.00,0.00,,,,0,0,0,0.0,0.0,,0.0,0.0
Matthijs de Ligt,DF,Netherlands,23-128,1999,1.0,0,0,0,,0.00,0.00,,,,0,0,0,0.0,0.0,,0.0,0.0
Matty Cash,DF,Poland,25-133,1997,4.0,0,1,0,0.0,0.25,0.00,0.00,,24.2,0,0,0,0.0,0.0,0.04,0.0,0.0
Mattéo Guendouzi,FW,France,23-248,1999,0.9,0,0,0,,0.00,0.00,,,,0,0,0,0.0,0.0,,0.0,0.0
Matías Vecino,MF,Uruguay,31-116,1991,2.2,0,1,1,100.0,0.46,0.46,0.00,0.00,10.1,0,0,0,0.1,0.1,0.10,-0.1,-0.1
Matías Viña,DF,Uruguay,25-039,1997,0.2,0,0,0,,0.00,0.00,,,,0,0,0,0.0,0.0,,0.0,0.0
Maxi Gómez,FW,Uruguay,26-126,1996,0.3,0,2,1,50.0,6.00,3.00,0.00,0.00,26.1,0,0,0,0.1,0.1,0.04,-0.1,-0.1
Maya Yoshida,DF,Japan,34-116,1988,4.3,0,0,0,,0.00,0.00,,,,0,0,0,0.0,0.0,,0.0,0.0
Mehdi Taremi,FW,IR Iran,30-153,1992,3.0,2,5,1,20.0,1.67,0.33,0.20,1.00,16.0,0,1,1,1.3,0.6,0.11,+0.7,+0.4
Mehdi Torabi,MF,IR Iran,28-099,1994,0.7,0,2,0,0.0,2.90,0.00,0.00,,19.6,0,0,0,0.1,0.1,0.06,-0.1,-0.1
Memphis,FW,Netherlands,28-308,1994,3.3,1,10,5,50.0,3.03,1.52,0.10,0.20,15.0,0,0,0,1.5,1.5,0.15,-0.5,-0.5
Meshaal Barsham,GK,Qatar,24-307,1998,2.0,0,0,0,,0.00,0.00,,,,0,0,0,0.0,0.0,,0.0,0.0
Michael Estrada,FW,Ecuador,26-255,1996,2.5,0,3,0,0.0,1.20,0.00,0.00,,13.0,0,0,0,0.3,0.3,0.10,-0.3,-0.3
Michał Skóraś,MF,Poland,22-306,2000,0.5,0,1,0,0.0,2.00,0.00,0.00,,22.2,0,0,0,0.0,0.0,0.02,0.0,0.0
Michel Aebischer,MF,Switzerland,25-346,1997,0.2,0,0,0,,0.00,0.00,,,,0,0,0,0.0,0.0,,0.0,0.0
Michy Batshuayi,FW,Belgium,29-077,1993,1.7,1,6,2,33.3,3.58,1.19,0.17,0.50,15.4,0,0,0,0.8,0.8,0.13,+0.2,+0.2
Miki Yamane,DF,Japan,28-361,1993,0.7,0,0,0,,0.00,0.00,,,,0,0,0,0.0,0.0,,0.0,0.0
Mikkel Damsgaard,MF,Denmark,22-168,2000,1.7,0,0,0,,0.00,0.00,,,,0,0,0,0.0,0.0,,0.0,0.0
Milad Mohammadi,DF,IR Iran,29-080,1993,2.2,0,0,0,,0.00,0.00,,,,0,0,0,0.0,0.0,,0.0,0.0
Milan Borjan,GK,Canada,35-056,1987,3.0,0,0,0,,0.00,0.00,,,,0,0,0,0.0,0.0,,0.0,0.0
Miloš Degenek,DF,Australia,28-234,1994,2.0,0,0,0,,0.00,0.00,,,,0,0,0,0.0,0.0,,0.0,0.0
Miloš Veljković,DF,Serbia,27-083,1995,2.5,0,0,0,,0.00,0.00,,,,0,0,0,0.0,0.0,,0.0,0.0
Mislav Oršić,FW,Croatia,29-354,1992,1.8,1,9,2,22.2,5.00,1.11,0.11,0.50,22.5,0,0,0,0.4,0.4,0.04,+0.6,+0.6
Mitchell Duke,FW,Australia,31-334,1991,3.0,1,7,4,57.1,2.33,1.33,0.14,0.25,17.6,0,0,0,0.4,0.4,0.05,+0.6,+0.6
Mohamed Ali Ben Romdhane,MF,Tunisia,23-103,1999,0.8,0,0,0,,0.00,0.00,,,,0,0,0,0.0,0.0,,0.0,0.0
Mohamed Dräger,DF,Tunisia,26-176,1996,1.5,0,4,0,0.0,2.73,0.00,0.00,,25.8,0,0,0,0.2,0.2,0.05,-0.2,-0.2
Mohamed Kanno,MF,Saudi Arabia,28-087,1994,3.0,0,6,1,16.7,2.00,0.33,0.00,0.00,20.3,1,0,0,0.3,0.3,0.05,-0.3,-0.3
Mohammed Al-Breik,DF,Saudi Arabia,30-094,1992,0.7,0,2,1,50.0,2.77,1.38,0.00,0.00,20.4,0,0,0,0.4,0.0,0.01,-0.4,0.0
Mohammed Al-Owais,GK,Saudi Arabia,31-069,1991,3.0,0,0,0,,0.00,0.00,,,,0,0,0,0.0,0.0,,0.0,0.0
Mohammed Muntari,FW,Qatar,28-363,1993,0.7,1,3,1,33.3,4.29,1.43,0.33,1.00,13.7,0,0,0,0.2,0.2,0.07,+0.8,+0.8
Mohammed Salisu,DF,Ghana,23-245,1999,3.0,1,2,1,50.0,0.67,0.33,0.50,1.00,9.3,0,0,0,0.8,0.8,0.38,+0.2,+0.2
Mohammed Waad,MF,Qatar,23-091,1999,0.3,0,0,0,,0.00,0.00,,,,0,0,0,0.0,0.0,,0.0,0.0
Moisés Caicedo,MF,Ecuador,21-046,2001,3.0,1,3,1,33.3,1.00,0.33,0.33,1.00,16.0,0,0,0,0.5,0.5,0.17,+0.5,+0.5
Montassar Talbi,DF,Tunisia,24-206,1998,3.0,0,1,1,100.0,0.33,0.33,0.00,0.00,33.7,0,0,0,0.0,0.0,0.01,0.0,0.0
Morteza Pouraliganji,DF,IR Iran,30-243,1992,3.0,0,2,0,0.0,0.67,0.00,0.00,,16.8,0,0,0,0.1,0.1,0.04,-0.1,-0.1
Moumi Ngamaleu,FW,Cameroon,28-162,1994,1.1,0,0,0,,0.00,0.00,,,,0,0,0,0.0,0.0,,0.0,0.0
Munir,GK,Morocco,33-222,1989,1.0,0,0,0,,0.00,0.00,,,,0,0,0,0.0,0.0,,0.0,0.0
Musab Kheder,DF,Qatar,29-083,1993,0.1,0,0,0,,0.00,0.00,,,,0,0,0,0.0,0.0,,0.0,0.0
Na Sang-ho,FW,Korea Republic,26-128,1996,1.3,0,1,1,100.0,0.76,0.76,0.00,0.00,10.6,0,0,0,0.0,0.0,0.03,0.0,0.0
Nader Ghandri,DF,Tunisia,27-303,1995,1.0,0,0,0,,0.00,0.00,,,,0,0,0,0.0,0.0,,0.0,0.0
Nahuel Molina,DF,Argentina,24-256,1998,6.3,1,2,1,50.0,0.32,0.16,0.50,1.00,16.2,0,0,0,0.5,0.5,0.23,+0.5,+0.5
Nampalys Mendy,MF,Senegal,30-178,1992,3.0,0,2,0,0.0,0.66,0.00,0.00,,22.6,0,0,0,0.1,0.1,0.03,-0.1,-0.1
Nasser Al-Dawsari,FW,Saudi Arabia,23-364,1998,0.1,0,0,0,,0.00,0.00,,,,0,0,0,0.0,0.0,,0.0,0.0
Nathan Aké,DF,Netherlands,27-303,1995,5.3,0,0,0,,0.00,0.00,,,,0,0,0,0.0,0.0,,0.0,0.0
Nathaniel Atkinson,DF,Australia,23-188,1999,0.9,0,0,0,,0.00,0.00,,,,0,0,0,0.0,0.0,,0.0,0.0
Nawaf Al Abed,MF,Saudi Arabia,32-326,1990,1.0,0,2,0,0.0,2.05,0.00,0.00,,21.1,1,0,0,0.1,0.1,0.07,-0.1,-0.1
Nayef Aguerd,DF,Morocco,26-263,1996,3.9,0,1,0,0.0,0.25,0.00,0.00,,8.0,0,0,0,0.2,0.2,0.17,-0.2,-0.2
Naïm Sliti,MF,Tunisia,30-144,1992,1.3,0,1,0,0.0,0.79,0.00,0.00,,10.3,0,0,0,0.1,0.1,0.14,-0.1,-0.1
Neco Williams,DF,Wales,21-249,2001,2.3,0,3,0,0.0,1.32,0.00,0.00,,26.5,0,0,0,0.1,0.1,0.03,-0.1,-0.1
Nemanja Gudelj,MF,Serbia,31-032,1991,1.0,0,0,0,,0.00,0.00,,,,0,0,0,0.0,0.0,,0.0,0.0
Nemanja Maksimović,MF,Serbia,27-326,1995,1.4,0,0,0,,0.00,0.00,,,,0,0,0,0.0,0.0,,0.0,0.0
Nemanja Radonjić,DF,Serbia,26-306,1996,0.7,0,2,0,0.0,3.00,0.00,0.00,,22.3,0,0,0,0.1,0.1,0.05,-0.1,-0.1
Neymar,MF,Brazil,30-316,1992,3.1,2,11,6,54.5,3.55,1.94,0.09,0.17,19.2,3,1,1,2.7,1.9,0.18,-0.7,-0.9
Niclas Füllkrug,FW,Germany,29-312,1993,0.8,2,8,3,37.5,10.43,3.91,0.25,0.67,10.0,0,0,0,2.2,2.2,0.27,-0.2,-0.2
Nico Elvedi,DF,Switzerland,26-079,1996,2.0,0,1,0,0.0,0.50,0.00,0.00,,9.3,0,0,0,0.1,0.1,0.08,-0.1,-0.1
Nico Schlotterbeck,DF,Germany,23-017,1999,1.0,0,0,0,,0.00,0.00,,,,0,0,0,0.0,0.0,,0.0,0.0
Nico Williams,FW,Spain,20-159,2002,1.6,0,1,0,0.0,0.62,0.00,0.00,,14.3,0,0,0,0.1,0.1,0.11,-0.1,-0.1
Nicola Zalewski,MF,Poland,20-329,2002,0.7,0,0,0,,0.00,0.00,,,,0,0,0,0.0,0.0,,0.0,0.0
Nicolas Jackson,FW,Senegal,21-181,2001,0.2,0,0,0,,0.00,0.00,,,,0,0,0,0.0,0.0,,0.0,0.0
Nicolas Nkoulou,DF,Cameroon,32-266,1990,2.0,0,3,1,33.3,1.50,0.50,0.00,0.00,12.2,0,0,0,0.3,0.3,0.09,-0.3,-0.3
Nicolás De La Cruz,MF,Uruguay,25-200,1997,0.4,0,1,1,100.0,2.37,2.37,0.00,0.00,32.4,1,0,0,0.0,0.0,0.04,0.0,0.0
Nicolás Otamendi,DF,Argentina,34-309,1988,7.7,0,1,0,0.0,0.13,0.00,0.00,,12.3,0,0,0,0.0,0.0,0.03,0.0,0.0
Nicolás Tagliafico,DF,Argentina,30-109,1992,4.1,0,3,1,33.3,0.72,0.24,0.00,0.00,11.3,0,0,0,1.0,1.0,0.34,-1.0,-1.0
Niklas Süle,DF,Germany,27-106,1995,3.0,0,1,0,0.0,0.33,0.00,0.00,,5.4,0,0,0,0.1,0.1,0.11,-0.1,-0.1
Nikola Milenković,DF,Serbia,25-067,1997,3.0,0,3,0,0.0,1.00,0.00,0.00,,14.7,0,0,0,0.2,0.2,0.06,-0.2,-0.2
Nikola Vlašić,FW,Croatia,25-075,1997,2.3,0,5,1,20.0,2.15,0.43,0.00,0.00,17.2,0,0,0,0.4,0.4,0.09,-0.4,-0.4
Noa Lang,MF,Netherlands,23-184,1999,0.1,0,0,0,,0.00,0.00,,,,0,0,0,0.0,0.0,,0.0,0.0
Noah Okafor,FW,Switzerland,22-208,2000,0.5,0,1,0,0.0,2.00,0.00,0.00,,17.5,0,0,0,0.0,0.0,0.03,0.0,0.0
Nouhou Tolo,DF,Cameroon,25-178,1997,3.0,0,0,0,,0.00,0.00,,,,0,0,0,0.0,0.0,,0.0,0.0
Noussair Mazraoui,DF,Morocco,25-034,1997,4.1,0,4,2,50.0,0.99,0.49,0.00,0.00,24.4,0,0,0,0.2,0.2,0.04,-0.2,-0.2
Nuno Mendes,DF,Portugal,20-182,2002,0.5,0,0,0,,0.00,0.00,,,,0,0,0,0.0,0.0,,0.0,0.0
Néstor Araujo,DF,Mexico,31-111,1991,1.0,0,0,0,,0.00,0.00,,,,0,0,0,0.0,0.0,,0.0,0.0
Olivier Giroud,FW,France,36-079,1986,4.7,4,16,6,37.5,3.44,1.29,0.25,0.67,11.0,0,0,0,3.4,3.4,0.21,+0.6,+0.6
Olivier Ntcham,MF,Cameroon,26-312,1996,0.3,0,1,1,100.0,3.60,3.60,0.00,0.00,30.0,0,0,0,0.0,0.0,0.04,0.0,0.0
Orbelín Pineda,MF,Mexico,26-269,1996,0.8,0,4,1,25.0,4.74,1.18,0.00,0.00,15.1,0,0,0,0.3,0.3,0.08,-0.3,-0.3
Osman Bukari,MF,Ghana,24-005,1998,0.7,1,3,1,33.3,4.58,1.53,0.33,1.00,17.6,0,0,0,0.5,0.5,0.17,+0.5,+0.5
Otávio,MF,Portugal,27-312,1995,2.2,0,3,2,66.7,1.38,0.92,0.00,0.00,23.2,0,0,0,0.1,0.1,0.04,-0.1,-0.1
Ousmane Dembélé,FW,France,25-217,1997,4.8,0,8,2,25.0,1.66,0.42,0.00,0.00,20.2,0,0,0,0.5,0.5,0.06,-0.5,-0.5
Pablo Sarabia,FW,Spain,30-221,1992,0.0,0,1,0,0.0,30.00,0.00,0.00,,4.7,0,0,0,0.1,0.1,0.11,-0.1,-0.1
Paik Seung-ho,MF,Korea Republic,25-276,1997,0.3,1,1,1,100.0,3.46,3.46,1.00,1.00,30.4,0,0,0,0.0,0.0,0.04,+1.0,+1.0
Pape Abou Cissé,DF,Senegal,27-095,1995,1.2,0,0,0,,0.00,0.00,,,,0,0,0,0.0,0.0,,0.0,0.0
Pape Gueye,MF,Senegal,23-328,1999,1.7,0,4,2,50.0,2.35,1.18,0.00,0.00,24.8,0,0,0,0.1,0.1,0.03,-0.1,-0.1
Pape Matar Sarr,MF,Senegal,20-095,2002,0.7,0,4,0,0.0,6.10,0.00,0.00,,30.8,1,0,0,0.1,0.1,0.03,-0.1,-0.1
Papu Gómez,MF,Argentina,34-306,1988,1.2,0,2,0,0.0,1.68,0.00,0.00,,26.3,0,0,0,0.0,0.0,0.02,0.0,0.0
Pathé Ciss,MF,Senegal,28-277,1994,1.6,0,1,0,0.0,0.62,0.00,0.00,,12.8,0,0,0,0.0,0.0,0.04,0.0,0.0
Pau Torres,DF,Spain,25-336,1997,1.0,0,0,0,,0.00,0.00,,,,0,0,0,0.0,0.0,,0.0,0.0
Paulo Dybala,FW,Argentina,29-033,1993,0.2,0,0,0,,0.00,0.00,,,,0,0,0,0.0,0.0,,0.0,0.0
Pedri,MF,Spain,20-023,2002,4.0,0,0,0,,0.00,0.00,,,,0,0,0,0.0,0.0,,0.0,0.0
Pedro,FW,Brazil,25-181,1997,0.7,0,4,1,25.0,5.63,1.41,0.00,0.00,12.9,0,0,0,0.5,0.5,0.13,-0.5,-0.5
Pepe,DF,Portugal,39-295,1983,4.0,1,3,1,33.3,0.75,0.25,0.33,1.00,7.3,0,0,0,0.4,0.4,0.15,+0.6,+0.6
Pervis Estupiñán,DF,Ecuador,24-331,1998,3.0,0,1,1,100.0,0.33,0.33,0.00,0.00,14.4,0,0,0,0.1,0.1,0.07,-0.1,-0.1
Phil Foden,FW,England,22-204,2000,2.9,1,6,1,16.7,2.09,0.35,0.17,1.00,13.8,0,0,0,1.1,1.1,0.18,-0.1,-0.1
Piero Hincapié,DF,Ecuador,20-343,2002,3.0,0,0,0,,0.00,0.00,,,,0,0,0,0.0,0.0,,0.0,0.0
Pierre Højbjerg,MF,Denmark,27-135,1995,3.0,0,2,1,50.0,0.67,0.33,0.00,0.00,30.7,0,0,0,0.0,0.0,0.01,0.0,0.0
Pierre Kunde,MF,Cameroon,27-145,1995,1.5,0,5,2,40.0,3.44,1.37,0.00,0.00,22.1,0,0,0,0.2,0.2,0.05,-0.2,-0.2
Piotr Zieliński,MF,Poland,28-212,1994,3.6,1,3,2,66.7,0.82,0.55,0.33,0.50,11.3,0,0,0,0.6,0.6,0.20,+0.4,+0.4
Przemysław Frankowski,MF,Poland,27-250,1995,2.7,0,1,0,0.0,0.37,0.00,0.00,,15.6,0,0,0,0.0,0.0,0.03,0.0,0.0
Rafael Leão,FW,Portugal,23-191,1999,1.0,2,5,2,40.0,5.11,2.05,0.40,1.00,21.2,0,0,0,0.4,0.4,0.08,+1.6,+1.6
Raheem Sterling,FW,England,28-010,1994,1.7,1,1,1,100.0,0.60,0.60,1.00,1.00,9.3,0,0,0,0.4,0.4,0.37,+0.6,+0.6
Ramin Rezaeian,DF,IR Iran,32-272,1990,2.0,1,2,1,50.0,1.00,0.50,0.50,1.00,18.3,0,0,0,0.3,0.3,0.13,+0.7,+0.7
Randal Kolo Muani,FW,France,24-013,1998,2.0,1,4,2,50.0,1.98,0.99,0.25,0.50,13.4,0,0,0,1.1,1.1,0.27,-0.1,-0.1
Raphaël Guerreiro,DF,Portugal,28-361,1993,3.1,1,3,1,33.3,0.97,0.32,0.33,1.00,17.7,0,0,0,0.4,0.4,0.12,+0.6,+0.6
Raphaël Varane,DF,France,29-237,1993,5.8,0,3,0,0.0,0.52,0.00,0.00,,7.2,0,0,0,0.3,0.3,0.12,-0.3,-0.3
Raphinha,FW,Brazil,26-004,1996,3.5,0,8,6,75.0,2.29,1.71,0.00,0.00,19.1,1,0,0,1.2,1.2,0.15,-1.2,-1.2
Rasmus Nissen,DF,Denmark,25-160,1997,2.5,0,0,0,,0.00,0.00,,,,0,0,0,0.0,0.0,,0.0,0.0
Raúl Jiménez,FW,Mexico,31-227,1991,0.7,0,0,0,,0.00,0.00,,,,0,0,0,0.0,0.0,,0.0,0.0
Remo Freuler,MF,Switzerland,30-247,1992,3.6,1,3,1,33.3,0.84,0.28,0.33,1.00,10.3,0,0,0,0.5,0.5,0.17,+0.5,+0.5
Renato Steffen,FW,Switzerland,31-045,1991,0.4,0,0,0,,0.00,0.00,,,,0,0,0,0.0,0.0,,0.0,0.0
Ricardo Horta,FW,Portugal,28-094,1994,1.3,1,3,2,66.7,2.27,1.51,0.33,0.50,13.5,0,0,0,0.8,0.8,0.25,+0.2,+0.2
Ricardo Rodríguez,DF,Switzerland,30-115,1992,4.0,0,0,0,,0.00,0.00,,,,0,0,0,0.0,0.0,,0.0,0.0
Richarlison,FW,Brazil,25-222,1997,3.6,3,8,4,50.0,2.23,1.11,0.38,0.75,12.1,0,0,0,2.1,2.1,0.26,+0.9,+0.9
Richie Laryea,DF,Canada,27-345,1995,1.8,0,2,0,0.0,1.13,0.00,0.00,,17.8,0,0,0,0.1,0.1,0.03,-0.1,-0.1
Riley McGree,FW,Australia,24-046,1998,2.9,0,3,1,33.3,1.02,0.34,0.00,0.00,26.2,0,0,0,0.1,0.1,0.05,-0.1,-0.1
Ritsu Doan,FW,Japan,24-185,1998,2.4,2,4,3,75.0,1.66,1.24,0.50,0.67,20.1,0,0,0,0.5,0.5,0.13,+1.5,+1.5
Riyadh Sharahili,MF,Saudi Arabia,29-234,1993,0.6,0,0,0,,0.00,0.00,,,,0,0,0,0.0,0.0,,0.0,0.0
Roan Wilson,MF,Costa Rica,20-231,2002,0.0,0,0,0,,0.00,0.00,,,,0,0,0,0.0,0.0,,0.0,0.0
Robert Lewandowski,FW,Poland,34-119,1988,4.0,2,10,2,20.0,2.50,0.50,0.10,0.50,18.1,1,1,2,2.9,1.4,0.14,-0.9,-0.4
Robert Skov,DF,Denmark,26-212,1996,0.2,0,0,0,,0.00,0.00,,,,0,0,0,0.0,0.0,,0.0,0.0
Roberto Alvarado,FW,Mexico,24-102,1998,0.2,0,0,0,,0.00,0.00,,,,0,0,0,0.0,0.0,,0.0,0.0
Rodri,DF,Spain,26-179,1996,4.3,0,1,0,0.0,0.23,0.00,0.00,,36.2,0,0,0,0.0,0.0,0.02,0.0,0.0
Rodrigo Bentancur,MF,Uruguay,25-176,1997,2.4,0,3,1,33.3,1.27,0.42,0.00,0.00,15.8,0,0,0,0.6,0.6,0.21,-0.6,-0.6
Rodrigo De Paul,MF,Argentina,28-208,1994,6.7,0,7,3,42.9,1.05,0.45,0.00,0.00,20.5,0,0,0,0.9,0.9,0.13,-0.9,-0.9
Rodrygo,MF,Brazil,21-343,2001,2.0,0,6,2,33.3,2.98,0.99,0.00,0.00,18.7,1,0,0,0.4,0.4,0.07,-0.4,-0.4
Rogelio Funes Mori,FW,Mexico,31-288,1991,0.1,0,1,0,0.0,18.00,0.00,0.00,,22.6,0,0,0,0.1,0.1,0.07,-0.1,-0.1
Romain Saïss,DF,Morocco,32-267,1990,5.2,1,1,1,100.0,0.19,0.19,1.00,1.00,0.9,0,0,0,0.8,0.8,0.79,+0.2,+0.2
Romario Ibarra,MF,Ecuador,28-085,1994,0.8,0,2,1,50.0,2.65,1.32,0.00,0.00,23.2,0,0,0,0.1,0.1,0.07,-0.1,-0.1
Romelu Lukaku,FW,Belgium,29-219,1993,0.6,0,5,2,40.0,8.18,3.27,0.00,0.00,6.6,0,0,0,1.7,1.7,0.35,-1.7,-1.7
Roozbeh Cheshmi,DF,IR Iran,29-147,1993,0.6,1,1,1,100.0,1.55,1.55,1.00,1.00,28.1,0,0,0,0.1,0.1,0.05,+0.9,+0.9
Ruben Vargas,FW,Switzerland,24-135,1998,3.2,0,3,1,33.3,0.95,0.32,0.00,0.00,17.0,0,0,0,0.3,0.3,0.11,-0.3,-0.3
Rubin Colwill,MF,Wales,20-235,2002,0.1,0,1,0,0.0,9.00,0.00,0.00,,25.1,0,0,0,0.0,0.0,0.02,0.0,0.0
Ró-Ró,DF,Qatar,32-134,1990,2.9,0,2,0,0.0,0.69,0.00,0.00,,23.0,0,0,0,0.1,0.1,0.03,-0.1,-0.1
Rónald Matarrita,DF,Costa Rica,28-162,1994,0.3,0,0,0,,0.00,0.00,,,,0,0,0,0.0,0.0,,0.0,0.0
Rúben Dias,DF,Portugal,25-218,1997,4.0,0,1,0,0.0,0.25,0.00,0.00,,12.0,0,0,0,0.0,0.0,0.03,0.0,0.0
Rúben Neves,MF,Portugal,25-280,1997,3.0,0,2,0,0.0,0.67,0.00,0.00,,27.0,0,0,0,0.1,0.1,0.04,-0.1,-0.1
Saad Al Sheeb,GK,Qatar,32-302,1990,1.0,0,0,0,,0.00,0.00,,,,0,0,0,0.0,0.0,,0.0,0.0
Sadegh Moharrami,DF,IR Iran,26-292,1996,1.0,0,0,0,,0.00,0.00,,,,0,0,0,0.0,0.0,,0.0,0.0
Saeid Ezatolahi,MF,IR Iran,26-078,1996,2.4,0,3,1,33.3,1.24,0.41,0.00,0.00,29.4,0,0,0,0.1,0.1,0.03,-0.1,-0.1
Saleh Al-Shehri,FW,Saudi Arabia,29-047,1993,2.5,1,2,2,100.0,0.81,0.81,0.50,0.50,21.0,0,0,0,0.1,0.1,0.04,+0.9,+0.9
Salem Al-Dawsari,MF,Saudi Arabia,31-121,1991,3.0,2,6,4,66.7,2.00,1.33,0.33,0.50,21.6,0,0,1,1.8,1.0,0.16,+0.2,+1.0
Salis Abdul Samed,MF,Ghana,22-267,2000,2.8,0,1,0,0.0,0.36,0.00,0.00,,26.9,0,0,0,0.0,0.0,0.02,0.0,0.0
Salman Al-Faraj,MF,Saudi Arabia,33-139,1989,0.5,0,0,0,,0.00,0.00,,,,0,0,0,0.0,0.0,,0.0,0.0
Sam Adekugbe,DF,Canada,27-336,1995,1.1,0,0,0,,0.00,0.00,,,,0,0,0,0.0,0.0,,0.0,0.0
Saman Ghoddos,MF,IR Iran,29-103,1993,0.5,0,1,0,0.0,2.00,0.00,0.00,,6.4,0,0,0,0.2,0.2,0.18,-0.2,-0.2
Sami Al-Najei,MF,Saudi Arabia,25-314,1997,0.5,0,0,0,,0.00,0.00,,,,0,0,0,0.0,0.0,,0.0,0.0
Samuel Oum Gouet,MF,Cameroon,25-005,1997,1.1,0,0,0,,0.00,0.00,,,,0,0,0,0.0,0.0,,0.0,0.0
Sardar Azmoun,FW,IR Iran,27-351,1995,1.4,0,5,3,60.0,3.57,2.14,0.00,0.00,13.9,0,0,0,0.9,0.9,0.19,-0.9,-0.9
Saud Abdulhamid,DF,Saudi Arabia,23-153,1999,3.0,0,1,0,0.0,0.33,0.00,0.00,,34.6,0,0,0,0.0,0.0,0.02,0.0,0.0
Saša Lukić,MF,Serbia,26-127,1996,2.7,0,1,0,0.0,0.37,0.00,0.00,,16.1,0,0,0,0.1,0.1,0.06,-0.1,-0.1
Sebastian Szymański,MF,Poland,23-222,1999,1.5,0,0,0,,0.00,0.00,,,,0,0,0,0.0,0.0,,0.0,0.0
Sebastián Coates,DF,Uruguay,32-072,1990,2.0,0,1,0,0.0,0.50,0.00,0.00,,11.5,0,0,0,0.1,0.1,0.10,-0.1,-0.1
Selim Amallah,MF,Morocco,26-033,1996,4.5,0,2,0,0.0,0.44,0.00,0.00,,13.3,0,0,0,0.2,0.2,0.11,-0.2,-0.2
Serge Gnabry,FW,Germany,27-157,1995,2.9,1,12,4,33.3,4.11,1.37,0.08,0.25,15.6,0,0,0,1.1,1.1,0.09,-0.1,-0.1
Sergej Milinković-Savić,MF,Serbia,27-294,1995,2.6,1,3,1,33.3,1.16,0.39,0.33,1.00,23.9,0,0,0,0.2,0.2,0.06,+0.8,+0.8
Sergio Busquets,MF,Spain,34-155,1988,4.0,0,2,0,0.0,0.50,0.00,0.00,,20.9,0,0,0,0.1,0.1,0.07,-0.1,-0.1
Sergio Rochet,GK,Uruguay,29-270,1993,3.0,0,0,0,,0.00,0.00,,,,0,0,0,0.0,0.0,,0.0,0.0
Sergiño Dest,DF,United States,22-045,2000,3.4,0,6,0,0.0,1.77,0.00,0.00,,19.8,0,0,0,0.2,0.2,0.04,-0.2,-0.2
Shaquell Moore,DF,United States,26-046,1996,0.2,0,0,0,,0.00,0.00,,,,0,0,0,0.0,0.0,,0.0,0.0
Shogo Taniguchi,DF,Japan,31-156,1991,2.3,0,2,0,0.0,0.86,0.00,0.00,,8.0,0,0,0,0.2,0.2,0.12,-0.2,-0.2
Shūichi Gonda,GK,Japan,33-290,1989,4.3,0,0,0,,0.00,0.00,,,,0,0,0,0.0,0.0,,0.0,0.0
Silvan Widmer,DF,Switzerland,29-288,1993,2.9,0,1,0,0.0,0.34,0.00,0.00,,9.7,0,0,0,0.0,0.0,0.02,0.0,0.0
Simon Kjær,DF,Denmark,33-267,1989,0.7,0,0,0,,0.00,0.00,,,,0,0,0,0.0,0.0,,0.0,0.0
Sofiane Boufal,FW,Morocco,29-092,1993,5.3,0,7,1,14.3,1.33,0.19,0.00,0.00,21.0,0,0,0,0.3,0.3,0.04,-0.3,-0.3
Sofyan Amrabat,MF,Morocco,26-119,1996,7.3,0,1,0,0.0,0.14,0.00,0.00,,28.8,0,0,0,0.0,0.0,0.03,0.0,0.0
Son Heung-min,FW,Korea Republic,30-163,1992,4.0,0,9,3,33.3,2.25,0.75,0.00,0.00,18.8,0,0,0,0.4,0.4,0.05,-0.4,-0.4
Son Jun-ho,MF,Korea Republic,30-220,1992,0.8,0,0,0,,0.00,0.00,,,,0,0,0,0.0,0.0,,0.0,0.0
Sorba Thomas,MF,Wales,23-118,1999,0.0,0,0,0,,0.00,0.00,,,,0,0,0,0.0,0.0,,0.0,0.0
Srđan Babić,DF,Serbia,26-240,1996,0.1,0,0,0,,0.00,0.00,,,,0,0,0,0.0,0.0,,0.0,0.0
Stefan Mitrović,DF,Serbia,32-210,1990,0.4,0,0,0,,0.00,0.00,,,,0,0,0,0.0,0.0,,0.0,0.0
Stephen Eustáquio,MF,Canada,25-362,1996,1.4,0,3,0,0.0,2.16,0.00,0.00,,19.8,0,0,0,0.2,0.2,0.06,-0.2,-0.2
Steve Mandanda,GK,France,37-265,1985,1.0,0,0,0,,0.00,0.00,,,,0,0,0,0.0,0.0,,0.0,0.0
Steven Berghuis,MF,Netherlands,30-364,1991,2.2,0,5,0,0.0,2.25,0.00,0.00,,22.5,1,0,0,0.3,0.3,0.05,-0.3,-0.3
Steven Bergwijn,FW,Netherlands,25-071,1997,2.4,0,2,0,0.0,0.85,0.00,0.00,,15.5,0,0,0,0.5,0.5,0.25,-0.5,-0.5
Steven Vitória,DF,Canada,35-341,1987,3.0,0,0,0,,0.00,0.00,,,,0,0,0,0.0,0.0,,0.0,0.0
Strahinja Pavlović,DF,Serbia,21-208,2001,2.6,1,2,1,50.0,0.77,0.38,0.50,1.00,10.0,0,0,0,0.2,0.2,0.08,+0.8,+0.8
Sultan Al-Ghanam,DF,Saudi Arabia,28-226,1994,1.4,0,2,0,0.0,1.43,0.00,0.00,,7.6,0,0,0,0.2,0.2,0.08,-0.2,-0.2
Taha Yassine Khenissi,FW,Tunisia,30-346,1992,0.3,0,1,0,0.0,3.10,0.00,0.00,,23.3,0,0,0,0.0,0.0,0.02,0.0,0.0
Tajon Buchanan,MF,Canada,23-313,1999,2.9,0,5,0,0.0,1.73,0.00,0.00,,15.0,0,0,0,0.9,0.9,0.19,-0.9,-0.9
Takefusa Kubo,FW,Japan,21-197,2001,1.0,0,0,0,,0.00,0.00,,,,0,0,0,0.0,0.0,,0.0,0.0
Takehiro Tomiyasu,DF,Japan,24-043,1998,2.1,0,0,0,,0.00,0.00,,,,0,0,0,0.0,0.0,,0.0,0.0
Takuma Asano,FW,Japan,28-038,1994,1.8,1,8,2,25.0,4.36,1.09,0.13,0.50,13.2,0,0,0,0.7,0.7,0.08,+0.3,+0.3
Takumi Minamino,FW,Japan,27-336,1995,0.7,0,2,1,50.0,3.00,1.50,0.00,0.00,15.1,0,0,0,0.1,0.1,0.06,-0.1,-0.1
Tarek Salman,DF,Qatar,25-013,1997,0.1,0,0,0,,0.00,0.00,,,,0,0,0,0.0,0.0,,0.0,0.0
Tariq Lamptey,DF,Ghana,22-079,2000,1.1,0,1,0,0.0,0.88,0.00,0.00,,15.8,0,0,0,0.1,0.1,0.06,-0.1,-0.1
Teun Koopmeiners,MF,Netherlands,24-293,1998,2.4,0,2,1,50.0,0.82,0.41,0.00,0.00,27.6,0,0,0,0.1,0.1,0.04,-0.1,-0.1
Theo Hernández,DF,France,25-073,1997,5.6,1,5,2,40.0,0.89,0.35,0.20,0.50,16.7,0,0,0,0.4,0.4,0.08,+0.6,+0.6
Thiago Almada,MF,Argentina,21-236,2001,0.1,0,0,0,,0.00,0.00,,,,0,0,0,0.0,0.0,,0.0,0.0
Thiago Silva,DF,Brazil,38-087,1984,4.3,0,2,0,0.0,0.46,0.00,0.00,,8.0,0,0,0,0.2,0.2,0.08,-0.2,-0.2
Thibaut Courtois,GK,Belgium,30-221,1992,3.0,0,0,0,,0.00,0.00,,,,0,0,0,0.0,0.0,,0.0,0.0
Thilo Kehrer,DF,Germany,26-088,1996,0.8,0,0,0,,0.00,0.00,,,,0,0,0,0.0,0.0,,0.0,0.0
Thomas Delaney,MF,Denmark,31-106,1991,0.5,0,0,0,,0.00,0.00,,,,0,0,0,0.0,0.0,,0.0,0.0
Thomas Meunier,DF,Belgium,31-097,1991,2.3,0,3,1,33.3,1.28,0.43,0.00,0.00,19.6,0,0,0,0.2,0.2,0.07,-0.2,-0.2
Thomas Müller,FW,Germany,33-096,1989,2.2,0,3,0,0.0,1.34,0.00,0.00,,11.3,0,0,0,0.3,0.3,0.10,-0.3,-0.3
Thomas Partey,MF,Ghana,29-188,1993,3.0,0,2,0,0.0,0.67,0.00,0.00,,16.8,0,0,0,0.2,0.2,0.10,-0.2,-0.2
Thorgan Hazard,FW,Belgium,29-264,1993,1.2,0,0,0,,0.00,0.00,,,,0,0,0,0.0,0.0,,0.0,0.0
Tim Ream,DF,United States,35-074,1987,4.0,0,1,0,0.0,0.25,0.00,0.00,,3.7,0,0,0,0.3,0.3,0.30,-0.3,-0.3
Timothy Castagne,DF,Belgium,27-013,1995,3.0,0,0,0,,0.00,0.00,,,,0,0,0,0.0,0.0,,0.0,0.0
Timothy Weah,FW,United States,22-299,2000,3.5,1,5,3,60.0,1.42,0.85,0.20,0.33,17.5,0,0,0,0.6,0.6,0.13,+0.4,+0.4
Toby Alderweireld,DF,Belgium,33-291,1989,3.0,0,0,0,,0.00,0.00,,,,0,0,0,0.0,0.0,,0.0,0.0
Trent Alexander-Arnold,DF,England,24-072,1998,0.4,0,0,0,,0.00,0.00,,,,0,0,0,0.0,0.0,,0.0,0.0
Tyler Adams,MF,United States,23-307,1999,4.0,0,1,0,0.0,0.25,0.00,0.00,,30.4,0,0,0,0.0,0.0,0.02,0.0,0.0
Unai Simón,GK,Spain,25-190,1997,4.3,0,0,0,,0.00,0.00,,,,0,0,0,0.0,0.0,,0.0,0.0
Uriel Antuna,FW,Mexico,25-119,1997,0.9,0,2,1,50.0,2.34,1.17,0.00,0.00,16.2,0,0,0,0.2,0.2,0.08,-0.2,-0.2
Vanja Milinković-Savić,GK,Serbia,25-301,1997,3.0,0,0,0,,0.00,0.00,,,,0,0,0,0.0,0.0,,0.0,0.0
Victor Nelsson,DF,Denmark,24-065,1998,1.0,0,0,0,,0.00,0.00,,,,0,0,0,0.0,0.0,,0.0,0.0
Vincent Aboubakar,FW,Cameroon,30-330,1992,1.6,2,6,3,50.0,3.80,1.90,0.33,0.67,17.8,0,0,0,0.6,0.6,0.10,+1.4,+1.4
Vincent Janssen,FW,Netherlands,28-186,1994,1.0,0,2,0,0.0,2.09,0.00,0.00,,21.0,0,0,0,0.1,0.1,0.04,-0.1,-0.1
Vinicius Júnior,FW,Brazil,22-159,2000,3.3,1,9,4,44.4,2.71,1.20,0.11,0.25,15.0,0,0,0,1.0,1.0,0.11,0.0,0.0
Virgil van Dijk,DF,Netherlands,31-163,1991,5.3,0,3,0,0.0,0.56,0.00,0.00,,10.6,0,0,0,0.2,0.2,0.06,-0.2,-0.2
Vitinha,MF,Portugal,22-308,2000,1.3,0,2,2,100.0,1.50,1.50,0.00,0.00,28.2,0,0,0,0.1,0.1,0.04,-0.1,-0.1
Wahbi Khazri,FW,Tunisia,31-313,1991,0.9,1,5,3,60.0,5.42,3.25,0.20,0.33,19.1,0,0,0,0.4,0.4,0.09,+0.6,+0.6
Wajdi Kechrida,DF,Tunisia,27-043,1995,1.2,0,0,0,,0.00,0.00,,,,0,0,0,0.0,0.0,,0.0,0.0
Walid Cheddira,FW,Morocco,24-330,1998,0.7,0,2,1,50.0,2.81,1.41,0.00,0.00,9.8,0,0,0,0.5,0.5,0.23,-0.5,-0.5
Walker Zimmerman,DF,United States,29-213,1993,3.1,0,1,0,0.0,0.32,0.00,0.00,,15.0,0,0,0,0.1,0.1,0.07,-0.1,-0.1
Wataru Endo,MF,Japan,29-312,1993,3.4,0,6,1,16.7,1.78,0.30,0.00,0.00,25.5,0,0,0,0.2,0.2,0.03,-0.2,-0.2
Wayne Hennessey,GK,Wales,35-328,1987,1.9,0,0,0,,0.00,0.00,,,,0,0,0,0.0,0.0,,0.0,0.0
Weston McKennie,MF,United States,24-112,1998,3.0,0,5,1,20.0,1.66,0.33,0.00,0.00,15.5,0,0,0,0.4,0.4,0.08,-0.4,-0.4
William Carvalho,MF,Portugal,30-255,1992,2.4,0,1,0,0.0,0.42,0.00,0.00,,15.8,0,0,0,0.1,0.1,0.07,-0.1,-0.1
William Saliba,DF,France,21-269,2001,0.3,0,0,0,,0.00,0.00,,,,0,0,0,0.0,0.0,,0.0,0.0
Wojciech Szczęsny,GK,Poland,32-244,1990,4.0,0,0,0,,0.00,0.00,,,,0,0,0,0.0,0.0,,0.0,0.0
Wout Weghorst,FW,Netherlands,30-133,1992,0.7,2,2,2,100.0,2.81,2.81,1.00,1.00,12.0,0,0,0,0.2,0.2,0.10,+1.8,+1.8
Wéverton,GK,Brazil,35-005,1987,0.1,0,0,0,,0.00,0.00,,,,0,0,0,0.0,0.0,,0.0,0.0
Xavi Simons,FW,Netherlands,19-241,2003,0.1,0,0,0,,0.00,0.00,,,,0,0,0,0.0,0.0,,0.0,0.0
Xherdan Shaqiri,FW,Switzerland,31-069,1991,2.5,1,4,2,50.0,1.57,0.79,0.25,0.50,21.9,1,0,0,0.3,0.3,0.08,+0.7,+0.7
Yahya Attiat Allah,DF,Morocco,27-291,1995,3.5,0,2,0,0.0,0.57,0.00,0.00,,13.0,0,0,0,0.2,0.2,0.11,-0.2,-0.2
Yahya Jabrane,MF,Morocco,31-183,1991,0.2,0,0,0,,0.00,0.00,,,,,0,0,,,,,
Yann Sommer,GK,Switzerland,34-001,1988,3.0,0,0,0,,0.00,0.00,,,,0,0,0,0.0,0.0,,0.0,0.0
Yannick Carrasco,FW,Belgium,29-105,1993,1.3,0,4,0,0.0,3.10,0.00,0.00,,13.9,0,0,0,0.3,0.3,0.07,-0.3,-0.3
Yasser Al-Shahrani,DF,Saudi Arabia,30-207,1992,1.0,0,0,0,,0.00,0.00,,,,0,0,0,0.0,0.0,,0.0,0.0
Yassine Bounou,GK,Morocco,31-257,1991,6.3,0,0,0,,0.00,0.00,,,,0,0,0,0.0,0.0,,0.0,0.0
Yassine Meriah,DF,Tunisia,29-169,1993,3.0,0,1,0,0.0,0.33,0.00,0.00,,9.3,0,0,0,0.1,0.1,0.07,-0.1,-0.1
Yeltsin Tejeda,MF,Costa Rica,30-276,1992,3.0,1,2,2,100.0,0.67,0.67,0.50,0.50,15.1,0,0,0,0.4,0.4,0.21,+0.6,+0.6
Youri Tielemans,MF,Belgium,25-225,1997,1.1,0,0,0,,0.00,0.00,,,,0,0,0,0.0,0.0,,0.0,0.0
Youssef En-Nesyri,FW,Morocco,25-200,1997,6.0,2,9,3,33.3,1.49,0.50,0.22,0.67,9.1,0,0,0,1.2,1.2,0.14,+0.8,+0.8
Youssef Msakni,MF,Tunisia,32-051,1990,1.9,0,9,2,22.2,4.79,1.07,0.00,0.00,16.0,0,0,0,0.5,0.5,0.06,-0.5,-0.5
Youssouf Fofana,MF,France,23-342,1999,2.5,0,4,0,0.0,1.59,0.00,0.00,,21.1,0,0,0,0.2,0.2,0.04,-0.2,-0.2
Youssouf Sabaly,DF,Senegal,29-288,1993,4.0,0,2,1,50.0,0.50,0.25,0.00,0.00,30.9,0,0,0,0.0,0.0,0.02,0.0,0.0
Youssoufa Moukoko,FW,Germany,18-028,2004,0.0,0,0,0,,0.00,0.00,,,,0,0,0,0.0,0.0,,0.0,0.0
Youstin Salas,DF,Costa Rica,26-184,1996,0.5,0,0,0,,0.00,0.00,,,,0,0,0,0.0,0.0,,0.0,0.0
Yuki Soma,FW,Japan,25-296,1997,0.9,0,3,0,0.0,3.33,0.00,0.00,,22.7,1,0,0,0.2,0.2,0.06,-0.2,-0.2
Yunus Musah,MF,United States,20-019,2002,3.8,0,4,1,25.0,1.05,0.26,0.00,0.00,22.9,1,0,0,0.3,0.3,0.08,-0.3,-0.3
Yuto Nagatomo,MF,Japan,36-097,1986,2.3,0,0,0,,0.00,0.00,,,,0,0,0,0.0,0.0,,0.0,0.0
Zakaria Aboukhlal,FW,Morocco,22-303,2000,0.9,1,3,2,66.7,3.42,2.28,0.33,0.50,14.9,0,0,0,1.0,1.0,0.33,0.0,0.0
Álvaro Morata,FW,Spain,30-056,1992,2.1,3,8,5,62.5,3.89,2.43,0.38,0.60,10.3,0,0,0,1.4,1.4,0.17,+1.6,+1.6
Álvaro Zamora,MF,Costa Rica,20-284,2002,0.3,0,0,0,,0.00,0.00,,,,0,0,0,0.0,0.0,,0.0,0.0
Ángel Correa,MF,Argentina,27-284,1995,0.1,0,0,0,,0.00,0.00,,,,0,0,0,0.0,0.0,,0.0,0.0
Ángel Di María,MF,Argentina,34-307,1988,3.2,1,6,3,50.0,1.87,0.94,0.17,0.33,20.7,0,0,0,0.8,0.8,0.14,+0.2,+0.2
Ángelo Preciado,DF,Ecuador,24-303,1998,2.9,0,4,0,0.0,1.36,0.00,0.00,,26.1,0,0,0,0.1,0.1,0.02,-0.1,-0.1
Éder Militão,DF,Brazil,24-334,1998,3.9,0,5,1,20.0,1.30,0.26,0.00,0.00,20.2,0,0,0,0.2,0.2,0.04,-0.2,-0.2
Óscar Duarte,DF,Costa Rica,33-198,1989,3.0,0,0,0,,0.00,0.00,,,,0,0,0,0.0,0.0,,0.0,0.0
İlkay Gündoğan,MF,Germany,32-055,1990,2.1,1,5,2,40.0,2.38,0.95,0.00,0.00,25.9,0,1,1,1.1,0.4,0.07,-0.1,-0.4
