player,position,team,age,birth_year,minutes_90s,touches,touches_def_pen_area,touches_def_3rd,touches_mid_3rd,touches_att_3rd,touches_att_pen_area,touches_live_ball,dribbles_completed,dribbles,dribbles_completed_pct,miscontrols,dispossessed,passes_received,progressive_passes_received
Aaron Mooy,MF,Australia,32-094,1990,4.0,255,14,62,168,26,0,255,2,3,66.7,5,4,152,1
Aaron Ramsey,MF,Wales,31-357,1990,3.0,147,6,32,73,42,5,147,2,8,25.0,9,4,98,7
Abdelhamid Sabiri,MF,Morocco,26-020,1996,2.0,86,5,23,50,13,1,86,0,3,0.0,0,3,54,0
Abdelkarim Hassan,DF,Qatar,29-112,1993,3.0,193,15,83,95,17,2,193,1,5,20.0,2,0,138,1
Abderrazak Hamdallah,FW,Morocco,32-001,1990,0.8,28,2,2,15,12,5,28,2,3,66.7,4,3,18,3
Abdessamad Ezzalzouli,FW,Morocco,21-001,2001,1.0,40,2,17,9,16,5,40,1,2,50.0,9,1,16,3
Abdou Diallo,DF,Senegal,26-228,1996,3.7,210,19,98,98,15,1,210,0,0,,2,2,138,0
Abdul Fatawu Issahaku,FW,Ghana,18-285,2004,0.0,2,0,0,2,0,0,2,0,1,0.0,0,0,1,0
Abdulaziz Hatem,MF,Qatar,32-051,1990,2.2,98,1,13,65,20,0,98,1,1,100.0,1,1,80,2
Abdulelah Al-Amri,DF,Saudi Arabia,25-337,1997,2.0,129,12,58,65,7,2,129,0,0,,1,0,63,0
Abdulellah Al-Malki,MF,Saudi Arabia,28-068,1994,1.9,105,6,28,63,17,1,105,0,0,,3,0,58,2
Abdullah Madu,DF,Saudi Arabia,29-156,1993,0.5,19,4,12,8,0,0,19,0,0,,0,0,6,0
Abdulrahman Al-Aboud,MF,Saudi Arabia,27-200,1995,0.4,22,0,3,5,14,2,22,0,3,0.0,2,0,12,4
Abolfazl Jalali,DF,IR Iran,24-175,1998,0.2,34,1,5,18,12,0,34,1,5,20.0,0,1,18,1
Achraf Dari,DF,Morocco,23-226,1999,2.1,139,24,84,51,4,1,139,0,0,,0,1,85,0
Achraf Hakimi,DF,Morocco,24-044,1998,7.0,478,25,185,190,111,14,478,2,15,13.3,17,8,280,18
Adrien Rabiot,MF,France,27-259,1995,5.4,350,16,62,203,88,19,350,2,5,40.0,5,7,243,17
Agustín Canobbio,MF,Uruguay,24-078,1998,0.1,11,1,5,1,5,0,11,0,0,,0,0,6,0
Ahmad Nourollahi,MF,IR Iran,29-319,1993,2.5,85,10,28,37,22,0,85,1,2,50.0,3,0,39,1
Ahmed Alaaeldin,FW,Qatar,29-321,1993,0.1,2,0,0,2,0,0,2,0,0,,0,0,1,0
Aimen Dahmen,GK,Tunisia,25-324,1997,3.0,82,73,82,0,0,0,82,0,0,,0,0,34,0
Ajdin Hrustic,MF,Australia,26-166,1996,0.7,32,3,6,15,12,1,32,1,4,25.0,2,1,21,4
Akram Afif,FW,Qatar,26-030,1996,3.0,181,1,11,122,50,2,181,3,7,42.9,5,5,141,10
Alan Franco,MF,Ecuador,24-119,1998,0.5,16,1,5,10,1,0,16,0,0,,1,0,9,0
Alejandro Balde,DF,Spain,19-061,2003,1.4,135,0,17,86,33,3,135,0,2,0.0,2,3,109,4
Aleksandar Mitrović,FW,Serbia,28-093,1994,2.9,95,1,3,54,39,14,95,1,1,100.0,6,3,67,12
Alex Sandro,DF,Brazil,31-326,1991,2.1,193,7,45,111,38,0,193,1,2,50.0,1,0,121,4
Alex Telles,DF,Brazil,30-003,1992,0.7,46,0,12,21,14,1,46,0,0,,1,0,32,0
Alexander Bah,DF,Denmark,25-009,1997,0.5,65,1,22,19,24,3,65,0,2,0.0,0,0,36,2
Alexander Djiku,DF,Ghana,28-131,1994,1.1,43,15,33,10,0,0,43,0,0,,0,0,18,0
Alexis Mac Allister,MF,Argentina,23-359,1998,6.1,332,2,38,165,134,11,332,4,8,50.0,7,8,247,23
Alexis Vega,FW,Mexico,25-023,1997,2.1,85,1,8,42,35,8,85,1,4,25.0,6,8,50,9
Ali Abdi,DF,Tunisia,28-363,1993,2.1,152,16,66,61,26,3,152,1,2,50.0,5,4,67,11
Ali Al Hassan,MF,Saudi Arabia,25-289,1997,0.5,15,1,4,8,3,1,15,0,0,,1,1,5,0
Ali Al-Bulaihi,DF,Saudi Arabia,33-027,1989,2.4,110,7,54,55,1,0,110,0,0,,2,0,65,0
Ali Assadalla,MF,Qatar,29-333,1993,0.3,24,0,5,14,6,0,24,1,1,100.0,0,0,22,0
Ali Gholizadeh,MF,IR Iran,26-283,1996,2.2,86,5,22,35,33,3,86,4,8,50.0,2,2,51,7
Ali Karimi,MF,IR Iran,28-310,1994,1.1,55,2,10,33,12,1,55,0,0,,1,0,36,3
Ali Maâloul,DF,Tunisia,32-351,1990,1.0,70,3,12,28,30,0,70,0,0,,0,1,34,3
Alidu Seidu,DF,Ghana,22-197,2000,1.7,98,3,37,42,22,1,98,4,6,66.7,4,0,49,0
Alireza Beiranvand,GK,IR Iran,30-088,1992,1.2,34,30,33,1,0,0,34,0,0,,0,0,17,0
Alireza Jahanbakhsh,MF,IR Iran,29-129,1993,0.7,27,0,6,12,9,1,27,1,1,100.0,1,0,13,3
Alisson,GK,Brazil,30-077,1992,4.2,101,88,100,1,0,0,101,0,0,,1,0,42,0
Alistair Johnston,DF,Canada,24-071,1998,3.0,209,8,61,106,44,5,209,1,1,100.0,4,1,121,4
Almoez Ali,FW,Qatar,26-121,1996,2.5,66,1,5,41,20,6,66,0,3,0.0,6,3,48,8
Alphonso Davies,MF,Canada,22-046,2000,3.0,156,3,13,62,87,7,156,11,24,45.8,11,7,94,15
Amadou Onana,MF,Belgium,21-124,2001,1.2,74,0,11,58,6,3,74,1,1,100.0,4,1,59,1
Anass Zaroury,FW,Morocco,22-041,2000,0.3,15,0,1,6,8,0,15,1,1,100.0,0,0,10,1
Andre-Frank Zambo Anguissa,MF,Cameroon,27-032,1995,2.9,159,3,46,82,33,3,159,4,5,80.0,5,5,117,3
Andreas Christensen,DF,Denmark,26-252,1996,3.0,280,25,106,173,4,2,280,0,0,,2,1,217,1
Andreas Cornelius,FW,Denmark,29-277,1993,1.0,48,1,3,15,30,11,48,1,1,100.0,4,1,41,15
Andreas Skov Olsen,FW,Denmark,22-354,1999,1.5,76,2,7,24,45,13,76,0,2,0.0,4,4,59,19
Andrej Kramarić,FW,Croatia,31-182,1991,5.3,215,0,12,93,114,15,215,4,8,50.0,7,6,178,32
Andries Noppert,GK,Netherlands,28-255,1994,5.3,205,184,203,2,0,0,205,0,0,,0,0,97,0
Andrija Živković,DF,Serbia,26-160,1996,2.3,118,7,34,48,40,3,118,0,1,0.0,4,1,72,4
André Ayew,MF,Ghana,33-001,1989,2.2,61,3,12,31,19,4,60,0,2,0.0,5,4,35,5
André Onana,GK,Cameroon,26-260,1996,0.9,60,34,56,4,0,0,60,0,0,,0,0,32,0
André Silva,FW,Portugal,27-042,1995,0.3,14,0,0,7,7,1,14,0,0,,1,1,12,4
Andrés Guardado,MF,Mexico,36-081,1986,0.5,22,0,6,16,1,0,22,0,0,,0,1,10,0
Anis Ben Slimane,MF,Tunisia,21-277,2001,1.6,72,1,11,22,40,5,72,0,1,0.0,8,11,47,8
Ansu Fati,FW,Spain,20-048,2002,0.5,33,0,2,8,23,4,33,0,2,0.0,1,0,28,5
Ante Budimir,FW,Croatia,31-149,1991,0.6,12,1,1,5,6,2,12,0,0,,1,1,4,2
Anthony Contreras,FW,Costa Rica,22-323,2000,1.4,38,0,3,25,10,2,38,0,0,,3,7,20,1
Antoine Griezmann,MF,France,31-272,1991,6.0,381,10,50,191,145,14,381,4,11,36.4,6,8,247,20
Antoine Semenyo,FW,Ghana,22-345,2000,0.2,6,0,0,2,4,2,6,0,0,,1,1,2,2
Antonee Robinson,DF,United States,25-132,1997,4.0,288,15,70,130,92,3,288,4,5,80.0,13,3,165,13
Antonio Rüdiger,DF,Germany,29-290,1993,3.0,273,22,110,150,14,4,273,0,1,0.0,1,0,215,0
Antony,FW,Brazil,22-297,2000,1.9,145,0,14,53,81,7,145,4,16,25.0,6,6,113,10
António Silva,DF,Portugal,19-049,2003,1.0,67,5,32,35,0,0,67,0,0,,0,0,49,0
Ao Tanaka,MF,Japan,24-099,1998,1.9,84,3,32,39,14,3,84,0,1,0.0,1,1,55,7
Ardon Jasari,FW,Switzerland,20-141,2002,0.0,8,0,1,5,2,0,8,0,1,0.0,0,0,5,0
Arkadiusz Milik,FW,Poland,28-293,1994,1.1,39,1,2,24,13,3,39,1,1,100.0,3,1,31,4
Artur Jędrzejczyk,DF,Poland,35-044,1987,0.2,5,0,2,3,0,0,5,0,0,,0,0,3,0
Asiri Haitham,FW,Saudi Arabia,21-268,2001,0.0,5,1,2,2,1,0,5,0,0,,0,0,1,0
Assim Madibo,MF,Qatar,26-057,1996,1.7,85,1,32,53,1,0,85,0,0,,3,2,46,1
Atiba Hutchinson,MF,Canada,39-313,1983,1.8,131,5,38,72,21,2,131,1,1,100.0,1,2,90,0
Aurélien Tchouaméni,MF,France,22-325,2000,6.9,533,15,96,373,69,3,533,3,5,60.0,11,0,397,6
Awer Mabil,MF,Australia,27-094,1995,0.3,18,0,4,13,1,1,18,0,1,0.0,1,0,13,0
Axel Disasi,DF,France,24-282,1998,1.0,90,4,18,48,25,2,90,1,2,50.0,0,1,50,0
Axel Witsel,MF,Belgium,33-340,1989,3.0,200,11,56,131,17,1,200,0,0,,2,3,140,2
Ayase Ueda,FW,Japan,24-099,1998,0.5,23,1,3,6,15,1,23,0,0,,4,2,15,5
Aymeric Laporte,DF,Spain,28-205,1994,3.3,456,29,151,297,8,2,456,0,0,,2,0,391,1
Aziz Behich,DF,Australia,32-002,1990,4.0,249,16,89,111,53,6,249,8,14,57.1,5,5,139,4
Azzedine Ounahi,MF,Morocco,22-243,2000,6.3,328,4,79,183,71,8,328,10,13,76.9,16,7,241,15
Aïssa Laïdouni,MF,Tunisia,26-005,1996,2.7,156,9,52,78,28,6,156,1,4,25.0,4,3,92,9
Baba Rahman,DF,Ghana,28-169,1994,2.0,121,4,24,60,37,2,121,1,5,20.0,6,0,68,3
Badr Banoun,DF,Morocco,29-079,1993,0.6,28,5,20,8,0,0,28,0,0,,0,1,19,0
Bailey Wright,DF,Australia,30-143,1992,0.2,5,2,3,1,1,0,5,0,0,,0,0,2,0
Bamba Dieng,FW,Senegal,22-270,2000,1.1,32,0,2,16,14,3,32,0,2,0.0,4,4,22,2
Bartosz Bereszyński,DF,Poland,30-159,1992,3.8,197,18,74,88,37,3,197,1,7,14.3,4,3,86,4
Bassam Al-Rawi,DF,Qatar,25-002,1997,1.0,68,7,34,34,0,0,68,1,1,100.0,0,1,47,0
Ben Davies,DF,Wales,29-238,1993,2.6,184,14,75,95,14,3,184,2,3,66.7,1,0,101,1
Benjamin Pavard,DF,France,26-265,1996,1.0,94,0,20,63,12,0,94,0,0,,0,0,72,0
Bernardo Silva,MF,Portugal,28-130,1994,4.0,309,7,42,168,101,8,309,1,4,25.0,4,4,237,11
Bilal El Khannous,MF,Morocco,18-222,2004,0.6,29,2,8,13,8,0,29,0,1,0.0,1,0,23,1
Borna Barišić,DF,Croatia,30-038,1992,1.3,81,5,22,41,19,2,81,0,0,,1,0,44,1
Borna Sosa,DF,Croatia,24-331,1998,4.7,333,18,106,138,90,3,333,2,4,50.0,6,3,216,8
Boualem Khoukhi,DF,Qatar,32-162,1990,3.0,232,52,151,77,5,4,232,0,3,0.0,2,1,155,0
Boulaye Dia,FW,Senegal,26-032,1996,3.5,81,3,5,27,51,11,81,1,4,25.0,9,8,56,21
Brandon Aguilera,MF,Costa Rica,19-173,2003,1.0,44,1,17,25,3,0,44,2,3,66.7,1,3,31,3
Breel Embolo,FW,Switzerland,25-307,1997,3.6,92,3,4,44,45,10,92,2,6,33.3,10,10,76,23
Brenden Aaronson,MF,United States,22-057,2000,1.2,78,1,9,39,30,7,78,2,11,18.2,8,4,53,4
Brennan Johnson,FW,Wales,21-209,2001,1.0,33,2,6,6,21,7,33,0,5,0.0,3,2,17,4
Bruno Fernandes,FW,Portugal,28-101,1994,4.0,266,6,34,121,114,8,265,3,6,50.0,7,4,192,18
Bruno Guimarães,MF,Brazil,25-032,1997,0.8,67,2,6,28,33,7,67,2,2,100.0,3,2,53,2
Bruno Petković,FW,Croatia,28-093,1994,2.6,101,3,7,55,41,13,101,2,4,50.0,7,10,90,10
Bryan Mbeumo,FW,Cameroon,23-133,1999,2.6,106,2,13,47,48,4,106,1,7,14.3,6,1,76,11
Bryan Oviedo,DF,Costa Rica,32-303,1990,2.9,112,12,49,42,24,1,112,0,2,0.0,1,0,60,4
Bryan Ruiz,MF,Costa Rica,37-122,1985,0.3,14,1,4,10,0,0,14,1,1,100.0,0,0,9,0
Bukayo Saka,FW,England,21-104,2001,3.2,147,2,17,48,83,15,147,2,11,18.2,3,3,111,23
Callum Wilson,FW,England,30-294,1992,0.5,16,0,2,8,7,2,16,0,1,0.0,4,2,13,6
Cameron Carter-Vickers,DF,United States,24-352,1997,1.0,64,9,33,30,1,0,64,0,0,,0,0,42,0
Carlos Gruezo,MF,Ecuador,27-243,1995,0.5,19,0,6,12,2,0,19,0,0,,3,0,15,0
Carlos Martínez,DF,Costa Rica,23-263,1999,0.5,20,2,9,9,2,0,20,0,0,,1,1,8,0
Carlos Soler,MF,Spain,25-350,1997,1.0,88,0,4,56,29,3,88,1,2,50.0,0,1,74,3
Casemiro,MF,Brazil,30-298,1992,4.3,302,10,58,174,71,5,302,1,3,33.3,1,4,204,7
Celso Borges,MF,Costa Rica,34-205,1988,2.8,143,15,56,83,6,0,143,2,2,100.0,2,0,83,1
Charles De Ketelaere,FW,Belgium,21-283,2001,0.2,6,0,2,2,2,1,6,0,0,,1,1,5,0
Charly Rodríguez,MF,Mexico,25-349,1997,0.4,36,0,3,25,8,0,36,2,2,100.0,1,0,26,1
Cheikhou Kouyaté,MF,Senegal,32-362,1989,0.8,34,4,10,16,8,0,34,1,1,100.0,1,0,18,2
Cho Guesung,FW,Korea Republic,24-327,1998,3.1,88,3,11,33,44,12,88,0,5,0.0,5,5,66,14
Cho Yumin,FW,Korea Republic,26-031,1996,0.0,0,0,0,0,0,0,0,0,0,,0,0,0,0
Chris Mepham,DF,Wales,25-043,1997,3.0,199,22,91,99,9,2,199,0,0,,0,0,130,0
Christian Bassogog,MF,Cameroon,27-061,1995,0.3,13,0,1,2,10,3,13,2,4,50.0,0,0,9,3
Christian Eriksen,MF,Denmark,30-307,1992,3.0,253,1,29,142,88,7,253,0,4,0.0,6,3,176,12
Christian Fassnacht,FW,Switzerland,29-037,1993,0.1,12,0,2,4,8,1,12,2,2,100.0,0,0,7,3
Christian Nørgaard,MF,Denmark,28-283,1994,0.1,15,1,3,10,2,0,15,0,0,,0,0,12,1
Christian Pulisic,FW,United States,24-091,1998,3.5,187,1,18,58,116,23,187,4,15,26.7,12,10,137,19
Christopher Wooh,DF,Cameroon,21-091,2001,1.0,45,8,25,18,2,1,45,0,0,,1,2,28,0
Cody Gakpo,FW,Netherlands,23-225,1999,5.0,205,5,21,70,120,6,205,5,13,38.5,16,9,130,17
Collins Fai,DF,Cameroon,30-127,1992,3.0,169,8,50,84,38,0,169,0,2,0.0,1,0,86,2
Connor Roberts,DF,Wales,27-086,1995,2.2,138,8,39,61,38,0,138,0,0,,0,0,81,7
Craig Goodwin,MF,Australia,31-002,1991,2.6,118,4,22,48,48,4,118,0,0,,2,3,74,8
Cristian Romero,DF,Argentina,24-235,1998,6.1,428,43,204,213,13,3,428,1,1,100.0,5,1,292,1
Cristiano Ronaldo,FW,Portugal,37-316,1985,3.2,116,2,5,58,53,18,115,0,5,0.0,9,5,95,27
Cyle Larin,FW,Canada,27-245,1995,1.5,44,2,4,19,22,7,44,1,4,25.0,5,2,33,7
César Azpilicueta,DF,Spain,33-112,1989,1.5,185,1,25,136,27,0,185,0,0,,1,1,149,0
César Montes,DF,Mexico,25-297,1997,3.0,222,19,99,114,10,3,222,2,2,100.0,2,0,158,1
Daichi Kamada,FW,Japan,26-135,1996,3.6,139,4,20,75,45,4,139,3,4,75.0,4,7,93,14
Daizen Maeda,FW,Japan,25-059,1997,2.0,31,0,4,18,11,7,31,0,1,0.0,2,0,13,5
Daley Blind,DF,Netherlands,32-284,1990,4.7,339,6,65,190,85,9,339,1,2,50.0,2,1,230,8
Damian Szymański,MF,Poland,27-185,1995,0.3,9,0,3,6,0,0,9,0,0,,0,0,8,0
Dani Alves,DF,Brazil,39-226,1983,1.3,113,4,22,60,33,1,113,1,2,50.0,1,2,71,4
Dani Carvajal,DF,Spain,30-341,1992,1.5,137,3,32,82,25,0,137,0,0,,1,0,91,3
Dani Olmo,FW,Spain,24-225,1998,4.1,257,2,17,90,152,18,257,4,19,21.1,11,7,200,40
Daniel Amartey,DF,Ghana,27-362,1994,2.8,172,25,102,67,5,1,172,1,1,100.0,0,1,118,1
Daniel Chacón,MF,Costa Rica,21-251,2001,0.0,2,1,2,0,0,0,2,0,0,,0,0,1,0
Daniel James,FW,Wales,25-038,1997,1.7,49,1,4,23,22,2,49,1,4,25.0,4,1,35,7
Daniel Kyereh,MF,Ghana,26-285,1996,0.4,31,3,9,10,12,0,31,2,2,100.0,1,2,18,2
Danilo,DF,Brazil,31-156,1991,3.1,289,10,69,177,43,1,289,1,1,100.0,2,1,214,8
Danilo Pereira,DF,Portugal,31-100,1991,1.0,87,8,43,44,1,0,87,1,1,100.0,1,1,65,0
Danny Ward,GK,Wales,29-179,1993,1.0,42,32,40,2,0,0,42,0,0,,0,0,20,0
Darko Lazović,DF,Serbia,32-094,1990,0.3,14,0,4,7,3,0,14,0,0,,1,0,8,0
Darwin Núñez,FW,Uruguay,23-177,1999,2.7,85,1,10,30,46,5,85,0,4,0.0,11,6,61,24
David Raum,DF,Germany,24-240,1998,2.7,229,4,49,85,99,6,229,2,4,50.0,5,3,138,13
David Wotherspoon,MF,Canada,32-336,1990,0.2,9,0,1,3,5,0,9,1,1,100.0,0,0,7,0
Davy Klaassen,MF,Netherlands,29-300,1993,2.1,96,2,17,45,34,6,96,0,1,0.0,4,3,65,9
Dayot Upamecano,DF,France,24-052,1998,5.3,393,26,158,234,5,2,393,0,0,,1,1,291,1
DeAndre Yedlin,DF,United States,29-162,1993,0.4,32,2,8,10,14,2,32,0,0,,1,0,15,1
Declan Rice,MF,England,23-338,1999,4.6,362,13,84,247,34,4,362,0,3,0.0,1,2,271,2
Dejan Lovren,DF,Croatia,33-166,1989,6.7,515,55,243,264,11,4,515,0,0,,1,0,381,1
Denis Odoi,DF,Ghana,34-205,1988,0.1,7,5,5,2,0,0,7,0,0,,0,0,1,0
Denis Zakaria,MF,Switzerland,26-028,1996,0.7,32,1,6,21,7,0,32,0,2,0.0,1,1,20,2
Denzel Dumfries,DF,Netherlands,26-244,1996,5.3,274,7,54,132,90,12,274,0,8,0.0,13,7,169,14
Devis Epassy,GK,Cameroon,29-319,1993,2.0,93,78,92,1,0,0,93,0,0,,0,0,32,0
Diego Godín,DF,Uruguay,36-305,1986,1.7,116,5,43,72,1,1,116,0,0,,0,0,78,1
Diogo Costa,GK,Portugal,23-090,1999,5.0,170,156,170,0,0,0,170,0,0,,0,1,87,0
Diogo Dalot,DF,Portugal,23-275,1999,2.9,172,7,45,80,47,5,172,1,3,33.3,2,1,104,6
Djibril Sow,MF,Switzerland,25-315,1997,2.9,115,1,11,72,33,3,115,0,2,0.0,4,2,88,11
Djorkaeff Reasco,FW,Ecuador,23-334,1999,0.3,3,0,1,2,0,0,3,0,0,,1,1,4,2
Dominik Livaković,GK,Croatia,27-343,1995,7.7,245,224,245,0,0,0,245,0,0,,0,0,112,0
Dries Mertens,MF,Belgium,35-226,1987,0.8,39,0,3,16,20,5,39,1,1,100.0,1,0,28,7
Dušan Tadić,MF,Serbia,34-028,1988,2.9,150,1,8,59,85,8,150,3,6,50.0,8,3,114,14
Dušan Vlahović,FW,Serbia,22-324,2000,0.9,19,0,3,8,8,3,19,0,1,0.0,3,1,13,3
Dylan Bronn,DF,Tunisia,27-182,1995,1.8,104,2,40,53,12,1,104,0,0,,0,2,70,1
Eden Hazard,MF,Belgium,31-345,1991,1.4,70,0,9,39,24,2,70,5,10,50.0,5,5,56,4
Ederson,GK,Brazil,29-123,1993,1.0,32,30,32,0,0,0,32,0,0,,0,0,14,0
Edimilson Fernandes,FW,Switzerland,26-247,1996,1.6,95,5,27,37,32,1,95,0,1,0.0,2,3,57,5
Edinson Cavani,FW,Uruguay,35-307,1987,1.4,44,0,3,23,18,5,44,1,1,100.0,3,0,34,5
Edouard Mendy,GK,Senegal,30-292,1992,4.0,128,110,128,0,0,0,128,0,0,,0,0,55,0
Edson Álvarez,MF,Mexico,25-055,1997,1.9,131,1,33,87,12,0,131,1,1,100.0,1,2,72,0
Eduardo Camavinga,DF,France,20-038,2002,1.6,138,10,41,62,36,1,138,1,4,25.0,3,3,75,3
Ehsan Hajsafi,MF,IR Iran,32-296,1990,2.6,118,3,34,57,27,2,118,0,2,0.0,2,1,68,2
Ellyes Skhiri,MF,Tunisia,27-222,1995,3.0,161,8,44,108,10,1,161,1,3,33.3,4,1,94,4
Emiliano Martínez,GK,Argentina,30-107,1992,7.7,196,172,196,0,0,0,196,0,0,,0,0,83,0
Enner Valencia,FW,Ecuador,33-044,1989,2.8,98,2,3,41,55,13,97,2,7,28.6,15,6,71,13
Enzo Ebosse,DF,Cameroon,23-282,1999,1.0,49,9,28,21,1,0,49,0,0,,0,0,29,0
Enzo Fernández,MF,Argentina,21-335,2001,6.3,533,16,104,352,80,5,533,3,6,50.0,9,7,417,4
Eray Cömert,DF,Switzerland,24-317,1998,0.5,50,5,32,19,1,0,50,0,1,0.0,1,0,37,1
Eric Dier,DF,England,28-337,1994,0.4,44,2,22,23,0,0,44,0,0,,0,0,35,0
Eric Maxim Choupo-Moting,FW,Cameroon,33-270,1989,2.8,87,2,9,48,32,9,87,3,8,37.5,7,2,62,7
Erick Gutiérrez,MF,Mexico,27-186,1995,0.5,34,1,5,27,3,0,34,0,1,0.0,0,0,26,1
Ethan Ampadu,MF,Wales,22-095,2000,2.8,178,12,48,108,23,0,178,2,3,66.7,0,3,104,4
Everton Ribeiro,MF,Brazil,33-252,1989,0.4,21,0,2,7,12,3,21,0,1,0.0,0,1,17,5
Exequiel Palacios,MF,Argentina,24-074,1998,0.6,34,1,5,19,10,1,34,0,1,0.0,0,2,22,1
Fabian Frei,MF,Switzerland,33-344,1989,0.3,16,1,7,9,0,0,16,0,0,,0,2,13,1
Fabian Rieder,FW,Switzerland,20-305,2002,0.8,32,1,8,16,10,1,32,1,1,100.0,2,2,19,2
Fabian Schär,DF,Switzerland,30-363,1991,1.5,100,14,50,48,2,1,100,0,0,,1,1,56,0
Fabinho,MF,Brazil,29-056,1993,1.0,63,4,12,45,7,0,63,0,0,,1,0,40,0
Facundo Pellistri,MF,Uruguay,20-363,2001,2.0,66,1,8,16,43,7,66,0,6,0.0,2,3,48,9
Famara Diedhiou,FW,Senegal,30-003,1992,1.0,24,3,4,9,11,5,24,0,1,0.0,2,2,20,0
Federico Valverde,MF,Uruguay,24-149,1998,3.0,225,2,40,144,47,4,225,1,4,25.0,6,2,152,4
Ferjani Sassi,MF,Tunisia,30-275,1992,0.5,39,1,9,26,4,0,39,2,3,66.7,0,0,27,2
Ferrán Torres,FW,Spain,22-292,2000,2.4,115,0,5,38,72,12,114,1,11,9.1,9,7,98,14
Filip Kostić,DF,Serbia,30-047,1992,2.0,130,2,18,57,56,10,130,0,1,0.0,3,1,72,12
Filip Mladenović,DF,Serbia,31-125,1991,0.7,29,1,8,14,7,1,29,0,2,0.0,1,0,14,2
Filip Đuričić,MF,Serbia,30-322,1992,0.2,9,0,0,4,5,1,9,0,0,,1,0,6,2
Firas Al-Buraikan,MF,Saudi Arabia,22-218,2000,3.0,94,7,17,29,49,9,94,1,7,14.3,4,3,63,9
Fodé Ballo-Touré,DF,Senegal,25-349,1997,0.1,10,0,1,7,2,1,10,0,1,0.0,0,0,6,0
Fran Karačić,DF,Australia,26-220,1996,1.0,69,6,24,31,14,1,69,0,0,,1,0,22,0
Francisco Calvo,DF,Costa Rica,30-163,1992,2.0,121,8,76,43,3,0,121,2,2,100.0,4,1,76,0
Fred,MF,Brazil,29-288,1993,1.6,98,4,22,43,33,2,98,0,0,,3,1,67,6
Frenkie de Jong,MF,Netherlands,25-220,1997,5.3,408,13,82,255,75,3,408,3,6,50.0,5,4,303,7
Félix Torres Caicedo,DF,Ecuador,25-341,1997,3.0,233,21,139,90,5,3,233,0,1,0.0,2,0,155,0
Gabriel Jesus,FW,Brazil,25-259,1997,1.0,39,0,0,12,27,6,39,1,2,50.0,2,0,25,4
Garang Kuol,FW,Australia,18-094,2004,0.4,10,0,1,4,5,2,10,0,2,0.0,1,0,7,3
Gareth Bale,FW,Wales,33-155,1989,2.5,68,2,13,30,26,2,67,1,3,33.3,4,4,51,10
Gavi,MF,Spain,18-135,2004,3.2,183,3,13,116,55,6,183,3,7,42.9,8,5,153,18
Gaël Ondoua,MF,Cameroon,27-044,1995,0.5,25,2,3,15,7,1,25,0,0,,0,1,9,0
Georges-Kévin N'Koudou,FW,Cameroon,27-308,1995,0.3,20,0,1,7,12,1,20,0,2,0.0,1,2,12,4
Germán Pezzella,DF,Argentina,31-174,1991,0.7,47,0,10,36,1,1,47,0,0,,0,0,40,0
Gerson Torres,MF,Costa Rica,25-112,1997,0.7,25,0,7,12,6,0,25,0,2,0.0,3,4,22,1
Ghaylène Chaalali,MF,Tunisia,28-293,1994,0.2,11,2,7,4,0,0,11,0,0,,1,1,1,0
Gideon Mensah,DF,Ghana,24-153,1998,1.0,59,6,23,25,11,0,59,0,0,,2,1,29,2
Gio Reyna,FW,United States,20-035,2002,0.6,42,0,0,16,26,5,42,0,0,,1,1,32,4
Giorgian De Arrascaeta,MF,Uruguay,28-200,1994,1.2,69,0,8,24,37,5,69,0,1,0.0,4,4,44,10
Gleison Bremer,DF,Brazil,25-275,1997,1.2,95,12,56,36,4,1,95,0,0,,1,0,68,0
Gonzalo Montiel,DF,Argentina,25-351,1997,1.3,95,2,23,49,25,1,95,0,1,0.0,3,2,68,9
Gonzalo Plata,MF,Ecuador,22-047,2000,3.0,133,0,9,73,52,6,133,4,12,33.3,9,3,85,6
Gonçalo Ramos,FW,Portugal,21-181,2001,1.7,55,2,5,20,30,10,55,0,2,0.0,7,0,39,13
Granit Xhaka,MF,Switzerland,30-082,1992,4.0,273,11,66,171,40,3,273,1,2,50.0,2,3,202,5
Gregor Kobel,GK,Switzerland,25-012,1997,1.0,29,28,29,0,0,0,29,0,0,,0,0,10,0
Grzegorz Krychowiak,MF,Poland,32-323,1990,3.7,165,9,36,107,23,4,165,1,3,33.3,7,0,91,1
Guido Rodríguez,MF,Argentina,28-250,1994,0.6,69,1,23,45,1,0,69,0,0,,0,0,54,0
Guillermo Ochoa,GK,Mexico,37-158,1985,3.0,112,77,112,0,0,0,112,0,0,,0,0,51,0
Guillermo Varela,DF,Uruguay,29-269,1993,2.0,109,2,29,57,23,0,109,0,3,0.0,2,1,66,5
Haji Wright,FW,United States,24-266,1998,1.5,44,2,5,18,21,8,44,0,1,0.0,2,0,31,6
Hakim Ziyech,FW,Morocco,29-274,1993,7.1,386,3,70,185,134,8,386,12,29,41.4,15,11,263,17
Hannibal Mejbri,MF,Tunisia,19-331,2003,0.1,4,1,3,0,1,0,4,0,0,,0,0,1,0
Haris Seferović,FW,Switzerland,30-299,1992,0.8,20,1,3,9,8,1,20,0,0,,2,0,15,2
Harry Kane,FW,England,29-143,1993,4.5,138,7,8,61,71,13,136,4,8,50.0,10,5,110,22
Harry Maguire,DF,England,29-288,1993,4.8,445,28,204,224,20,13,445,2,2,100.0,0,0,344,2
Harry Souttar,DF,Australia,24-057,1998,4.0,213,37,143,68,4,2,213,0,0,,1,0,128,0
Harry Wilson,MF,Wales,25-271,1997,1.8,81,5,21,35,25,1,81,0,1,0.0,3,0,48,5
Hassan Al Tambakti,DF,Saudi Arabia,23-312,1999,2.0,75,17,43,31,2,2,75,0,0,,0,0,34,0
Hassan Al-Haydos,MF,Qatar,32-007,1990,2.3,101,1,25,52,27,0,101,2,6,33.3,6,3,72,7
Hattan Bahebri,MF,Saudi Arabia,30-155,1992,0.0,7,2,2,3,2,1,7,0,0,,0,0,6,1
Henry Martín,FW,Mexico,30-030,1992,1.6,35,1,2,16,17,10,35,1,1,100.0,5,2,28,5
Hernán Galíndez,GK,Ecuador,35-263,1987,3.0,77,63,77,0,0,0,77,0,0,,0,0,29,0
Hidemasa Morita,MF,Japan,27-222,1995,3.2,192,11,44,116,33,3,192,0,3,0.0,4,5,128,2
Hiroki Ito,DF,Japan,23-220,1999,0.5,64,0,9,48,7,0,64,0,0,,0,0,51,1
Hiroki Sakai,MF,Japan,32-250,1990,1.3,70,8,33,22,15,2,70,0,2,0.0,1,1,26,1
Hirving Lozano,FW,Mexico,27-141,1995,2.8,109,0,8,35,69,7,109,5,10,50.0,10,4,76,20
Homam Ahmed,DF,Qatar,23-115,1999,2.9,115,3,27,56,33,1,115,3,5,60.0,4,2,67,6
Hong Chul,DF,Korea Republic,32-092,1990,0.5,24,2,6,9,9,0,24,0,1,0.0,0,0,15,2
Hossein Hosseini,GK,IR Iran,30-171,1992,1.8,49,44,49,0,0,0,49,0,0,,0,0,16,0
Hossein Kanaanizadegan,DF,IR Iran,28-270,1994,0.5,15,2,10,5,0,0,15,0,0,,0,0,7,0
Hugo Lloris,GK,France,35-357,1986,6.3,203,175,202,1,0,0,203,0,0,,0,0,73,0
Hwang Hee-chan,MF,Korea Republic,26-326,1996,1.3,84,0,12,22,51,6,84,3,10,30.0,5,3,66,6
Hwang In-beom,MF,Korea Republic,26-089,1996,3.7,276,1,44,157,76,0,276,0,5,0.0,4,0,201,5
Hwang Ui-jo,FW,Korea Republic,30-112,1992,1.2,18,1,2,6,11,2,18,1,1,100.0,2,0,11,2
Héctor Herrera,MF,Mexico,32-243,1990,1.8,91,2,11,62,19,1,91,0,1,0.0,2,1,54,4
Héctor Moreno,DF,Mexico,34-335,1988,3.0,210,12,73,133,6,4,210,0,0,,2,1,150,0
Ibrahima Konaté,DF,France,23-207,1999,3.3,283,26,111,171,5,2,283,0,0,,3,2,205,1
Idrissa Gana Gueye,MF,Senegal,33-083,1989,3.0,155,7,25,71,60,4,155,1,2,50.0,2,5,97,9
Ilias Chair,MF,Morocco,25-049,1997,0.5,18,0,1,12,5,1,18,0,1,0.0,0,1,15,2
Iliman Ndiaye,FW,Senegal,22-287,2000,1.5,44,0,1,20,25,4,44,6,8,75.0,1,3,29,9
Ismail Jakobs,DF,Senegal,23-123,1999,3.1,184,7,61,78,45,0,184,0,1,0.0,2,1,85,2
Ismail Mohamad,FW,Qatar,32-257,1990,1.9,,,,,,,,,,,,,,
Ismaila Sarr,FW,Senegal,24-296,1998,3.8,133,3,14,43,78,20,132,9,19,47.4,12,5,97,14
Ismaël Koné,MF,Canada,20-195,2002,1.2,103,1,15,77,11,0,103,1,2,50.0,0,0,92,2
Issam Jebali,FW,Tunisia,30-358,1991,2.0,60,3,9,27,27,10,60,1,2,50.0,8,7,40,10
Ivan Ilić,MF,Serbia,21-276,2001,0.4,23,0,6,13,4,0,23,0,0,,1,1,16,1
Ivan Perišić,FW,Croatia,33-319,1989,7.4,378,13,69,140,175,34,378,6,13,46.2,18,5,242,33
Iñaki Williams,FW,Ghana,28-186,1994,3.0,63,3,10,24,30,6,63,1,1,100.0,5,5,42,6
Jack Grealish,FW,England,27-099,1995,1.0,71,2,12,34,26,5,71,3,9,33.3,1,0,61,4
Jackson Irvine,MF,Australia,29-286,1993,3.9,170,9,39,98,33,3,170,0,2,0.0,5,6,97,4
Jackson Porozo,DF,Ecuador,22-136,2000,1.1,58,2,26,30,2,1,58,0,0,,0,2,32,0
Jakub Kamiński,MF,Poland,20-196,2002,2.6,88,5,15,36,41,7,88,2,5,40.0,4,6,48,4
Jakub Kiwior,DF,Poland,22-306,2000,3.9,236,31,140,93,3,2,236,0,0,,2,1,165,0
Jamal Musiala,MF,Germany,19-295,2003,2.9,163,1,13,53,101,28,163,19,36,52.8,11,16,126,29
Jamie Maclaren,FW,Australia,29-142,1993,0.6,15,0,0,5,10,3,15,0,0,,0,1,13,4
Jan Bednarek,DF,Poland,26-250,1996,0.1,6,0,1,5,0,0,6,0,0,,0,0,3,0
Jan Vertonghen,DF,Belgium,35-238,1987,3.0,290,36,169,116,5,4,290,0,0,,0,0,234,0
Jason Cummings,FW,Australia,27-139,1995,0.4,9,0,0,8,1,0,9,0,1,0.0,0,0,4,1
Jawad El Yamiq,DF,Morocco,30-292,1992,3.4,202,29,119,80,3,3,202,0,0,,2,0,121,0
Jean-Charles Castelletto,DF,Cameroon,27-326,1995,2.0,109,21,59,44,6,2,109,1,1,100.0,1,0,61,0
Jeong Woo-yeong,MF,Korea Republic,23-089,1999,0.5,20,1,1,5,14,2,20,0,1,0.0,1,0,14,4
Jeremy Doku,MF,Belgium,20-205,2002,0.2,16,0,1,7,9,2,16,2,4,50.0,1,0,14,0
Jeremy Sarmiento,MF,Ecuador,20-185,2002,0.9,44,0,2,20,25,2,44,2,6,33.3,2,1,27,3
Jerome Ngom Mbekeli,MF,Cameroon,24-079,1998,0.1,4,1,1,0,3,0,4,0,0,,1,1,4,1
Jesper Lindstrøm,MF,Denmark,22-292,2000,2.2,81,2,8,25,50,7,81,4,12,33.3,8,1,57,11
Jesús Ferreira,FW,United States,21-359,2000,0.5,24,0,2,9,13,1,24,0,1,0.0,0,1,19,2
Jesús Gallardo,DF,Mexico,28-125,1994,3.0,167,7,55,76,37,3,167,3,4,75.0,5,0,76,8
Jewison Bennette,MF,Costa Rica,18-186,2004,1.1,29,1,7,9,13,2,29,1,4,25.0,5,1,22,7
Jhegson Méndez,MF,Ecuador,25-236,1997,2.0,150,2,63,83,5,1,150,0,1,0.0,2,1,114,1
Joachim Andersen,DF,Denmark,26-201,1996,3.0,281,20,99,165,17,4,281,0,1,0.0,1,1,197,0
Joakim Mæhle,DF,Denmark,25-212,1997,2.8,185,6,49,69,68,3,185,0,9,0.0,3,2,111,16
Joe Allen,MF,Wales,32-279,1990,1.0,51,4,17,28,7,0,51,0,0,,5,0,27,1
Joe Morrell,MF,Wales,25-349,1997,0.4,24,2,6,16,2,0,24,0,0,,0,1,10,0
Joe Rodon,DF,Wales,25-057,1997,3.0,192,27,122,68,2,1,192,0,0,,0,0,134,0
Joel Campbell,FW,Costa Rica,30-175,1992,3.0,179,1,20,118,45,1,179,6,13,46.2,10,8,129,9
Johan Venegas,FW,Costa Rica,34-021,1988,0.8,21,1,4,9,8,1,21,0,1,0.0,2,0,14,3
John Stones,DF,England,28-204,1994,4.8,475,27,209,257,12,5,475,2,2,100.0,1,0,403,0
Jonas Hofmann,FW,Germany,30-157,1992,0.3,24,0,1,11,12,2,24,0,1,0.0,0,2,18,1
Jonathan David,FW,Canada,22-338,2000,2.1,84,1,7,46,31,11,84,0,4,0.0,8,2,58,16
Jonathan Osorio,MF,Canada,30-189,1992,1.3,68,0,10,44,14,2,68,1,2,50.0,2,2,53,2
Jordan Ayew,FW,Ghana,31-098,1991,1.5,68,1,10,34,26,0,68,1,7,14.3,5,4,42,6
Jordan Henderson,MF,England,32-184,1990,3.0,179,1,19,100,61,5,179,0,2,0.0,1,1,144,8
Jordan Morris,FW,United States,28-053,1994,0.0,5,0,0,1,4,2,5,0,0,,0,0,3,1
Jordan Pickford,GK,England,28-286,1994,5.0,169,128,169,0,0,0,169,0,0,,0,0,100,0
Jordan Veretout,MF,France,29-292,1993,0.7,43,2,11,25,7,1,43,0,0,,2,1,32,1
Jordi Alba,DF,Spain,33-272,1989,2.9,392,4,62,223,109,1,392,2,3,66.7,4,0,305,11
Jorge Eduardo Sánchez,DF,Mexico,25-008,1997,1.9,113,6,32,48,34,4,113,1,4,25.0,4,4,54,9
Josh Sargent,FW,United States,22-301,2000,1.7,48,0,4,18,26,5,48,2,2,100.0,5,4,35,14
Joshua Kimmich,MF,Germany,27-313,1995,3.0,301,9,53,165,83,4,301,1,4,25.0,3,3,207,11
Josip Juranović,DF,Croatia,27-124,1995,6.7,450,33,121,228,108,3,450,1,4,25.0,7,4,287,20
Josip Stanišić,DF,Croatia,22-260,2000,1.0,56,1,16,29,11,1,56,0,0,,0,0,29,5
Josip Šutalo,DF,Croatia,22-293,2000,1.0,73,14,42,31,0,0,73,0,0,,0,0,61,0
José Cifuentes,MF,Ecuador,23-281,1999,0.7,52,1,7,37,8,0,52,0,0,,4,1,40,2
José María Giménez,DF,Uruguay,27-332,1995,3.0,213,26,96,108,9,4,213,0,0,,2,1,134,2
João Cancelo,DF,Portugal,28-205,1994,3.4,311,8,74,144,95,7,311,4,11,36.4,6,1,207,8
João Félix,FW,Portugal,23-038,1999,3.7,153,1,12,66,78,13,153,2,8,25.0,5,0,130,21
João Mário,FW,Portugal,29-333,1993,0.9,52,0,0,24,29,2,52,0,1,0.0,2,0,34,3
João Palhinha,MF,Portugal,27-162,1995,0.4,41,1,9,22,10,1,41,1,2,50.0,2,1,25,1
Joško Gvardiol,DF,Croatia,20-329,2002,7.7,601,84,273,312,21,4,601,1,2,50.0,1,2,420,3
Juan Foyth,DF,Argentina,24-340,1998,0.1,5,0,1,3,1,0,5,1,1,100.0,1,0,2,1
Juan Pablo Vargas,DF,Costa Rica,27-195,1995,1.0,41,13,32,8,1,1,41,0,0,,1,0,14,0
Jude Bellingham,MF,England,19-172,2003,4.6,324,2,44,203,83,14,324,6,13,46.2,8,6,234,30
Jules Koundé,DF,France,24-036,1998,5.3,352,17,125,175,54,2,352,3,4,75.0,3,2,215,1
Julián Álvarez,FW,Argentina,22-321,2000,5.2,174,1,20,63,94,20,174,0,3,0.0,11,7,118,21
Jung Woo-young,MF,Korea Republic,33-004,1989,3.4,239,13,61,150,29,1,239,0,0,,2,2,168,1
Junior Hoilett,FW,Canada,32-196,1990,1.8,78,0,5,35,39,2,78,2,7,28.6,5,2,47,6
Junya Ito,MF,Japan,29-284,1993,3.6,134,6,42,49,46,4,134,2,8,25.0,6,3,68,8
Jurriën Timber,DF,Netherlands,21-184,2001,4.3,361,16,130,226,9,0,361,4,6,66.7,7,2,261,2
Kai Havertz,FW,Germany,23-190,1999,1.1,46,0,1,18,27,11,46,0,0,,4,0,36,7
Kalidou Koulibaly,DF,Senegal,31-181,1991,4.0,260,48,151,108,6,3,260,0,0,,1,1,140,0
Kalvin Phillips,MF,England,27-016,1995,0.5,20,1,8,12,0,0,20,0,0,,0,0,18,1
Kamal Miller,DF,Canada,25-216,1997,3.0,229,18,97,126,6,0,229,1,2,50.0,1,1,173,1
Kamaldeen Sulemana,FW,Ghana,20-306,2002,0.6,28,2,3,5,22,4,28,1,5,20.0,1,1,24,4
Kamil Glik,DF,Poland,34-318,1988,4.0,167,29,92,70,5,4,167,0,0,,0,0,105,0
Kamil Grosicki,MF,Poland,34-193,1988,0.0,6,0,0,2,4,1,6,1,1,100.0,0,0,6,0
Kaoru Mitoma,MF,Japan,25-212,1997,1.8,100,9,42,30,32,4,100,2,5,40.0,5,2,47,3
Karim Ansarifard,FW,IR Iran,32-259,1990,0.4,11,0,1,5,5,2,11,0,0,,2,1,6,1
Karim Boudiaf,MF,Qatar,32-093,1990,2.1,122,4,27,90,7,2,122,1,3,33.3,4,2,83,4
Karl Toko Ekambi,FW,Cameroon,30-095,1992,1.8,66,1,7,38,24,5,66,1,4,25.0,3,4,47,5
Karol Świderski,FW,Poland,25-329,1997,0.5,14,0,3,7,5,0,14,0,0,,3,0,6,0
Kasper Dolberg,FW,Denmark,25-073,1997,1.3,34,1,4,12,19,4,34,1,3,33.3,9,4,27,12
Kasper Schmeichel,GK,Denmark,36-043,1986,3.0,91,73,89,2,0,0,91,0,0,,0,0,42,0
Keanu Baccus,MF,Australia,24-194,1998,1.3,59,0,19,30,10,0,59,0,1,0.0,2,2,31,5
Kellyn Acosta,MF,United States,27-147,1995,0.5,16,0,3,8,5,0,16,0,0,,0,0,10,2
Kendall Waston,DF,Costa Rica,34-351,1988,2.5,107,30,75,28,4,3,107,0,0,,1,1,59,0
Kenneth Taylor,MF,Netherlands,20-216,2002,0.1,9,0,1,6,2,0,9,0,0,,0,0,8,1
Kevin De Bruyne,FW,Belgium,31-173,1991,3.0,163,0,17,74,76,3,163,4,8,50.0,7,4,112,19
Kevin Rodríguez,FW,Ecuador,22-289,2000,0.0,,,,,,,,,,,,,,
Kevin Álvarez,DF,Mexico,23-337,1999,0.8,38,1,10,12,16,2,38,1,3,33.3,0,1,16,2
Keylor Navas,GK,Costa Rica,36-003,1986,3.0,114,108,114,0,0,0,114,0,0,,0,0,33,0
Keysher Fuller,DF,Costa Rica,28-160,1994,2.8,92,11,38,36,19,4,92,1,2,50.0,4,1,47,5
Kieffer Moore,FW,Wales,30-132,1992,2.5,95,8,11,38,46,12,95,0,1,0.0,10,3,71,15
Kieran Trippier,DF,England,32-090,1990,2.3,205,5,53,111,45,1,205,1,1,100.0,1,1,133,4
Kim Jin-su,DF,Korea Republic,30-188,1992,3.5,175,9,50,60,68,10,175,0,2,0.0,4,0,97,8
Kim Min-jae,DF,Korea Republic,26-033,1996,3.0,213,29,91,102,21,3,213,1,1,100.0,1,0,153,1
Kim Moonhwan,DF,Korea Republic,27-139,1995,4.0,289,17,76,118,96,5,289,2,4,50.0,6,2,157,13
Kim Seung-gyu,GK,Korea Republic,32-079,1990,4.0,139,109,139,0,0,0,139,0,0,,0,0,60,0
Kim Young-gwon,DF,Korea Republic,32-294,1990,3.9,232,27,119,107,6,3,232,0,0,,0,0,172,0
Kingsley Coman,FW,France,26-188,1996,1.9,102,3,15,39,53,2,102,6,10,60.0,6,7,69,10
Ko Itakura,DF,Japan,25-325,1997,3.0,150,20,63,80,9,5,150,0,2,0.0,4,1,91,1
Koke,MF,Spain,30-344,1992,0.6,68,0,5,54,9,0,68,0,0,,1,0,60,1
Kristijan Jakić,FW,Croatia,25-218,1997,0.0,0,0,0,0,0,0,0,0,0,,0,0,0,0
Krystian Bielik,MF,Poland,24-348,1998,2.4,129,13,45,75,10,2,129,1,3,33.3,1,3,77,0
Krzysztof Piątek,FW,Poland,27-170,1995,0.3,9,0,1,6,2,1,9,0,0,,1,1,7,0
Krépin Diatta,FW,Senegal,23-296,1999,2.0,88,0,5,34,51,2,88,1,3,33.3,7,7,76,4
Kudus Mohammed,FW,Ghana,22-138,2000,2.7,118,0,19,45,59,6,118,10,15,66.7,4,6,76,13
Kwon Chang-hoon,FW,Korea Republic,28-171,1994,0.6,28,0,1,14,13,3,28,0,0,,1,1,22,3
Kwon Kyung-won,DF,Korea Republic,30-321,1992,1.0,53,11,30,21,2,0,53,0,0,,0,0,36,0
Kye Rowles,DF,Australia,24-177,1998,4.0,231,43,170,59,2,0,231,0,0,,1,0,147,0
Kyle Walker,DF,England,32-204,1990,2.6,198,3,54,120,27,0,198,2,3,66.7,1,0,129,1
Kylian Mbappé,FW,France,23-363,1998,6.6,325,0,8,98,225,61,323,25,52,48.1,21,10,262,58
Lautaro Martínez,FW,Argentina,25-118,1997,2.7,96,1,7,43,46,17,96,2,5,40.0,9,6,74,21
Lawrence Ati-Zigi,GK,Ghana,26-019,1996,3.0,87,79,87,0,0,0,87,0,0,,0,0,23,0
Leander Dendoncker,DF,Belgium,27-247,1995,1.8,142,17,69,66,8,3,142,0,1,0.0,1,1,111,1
Leandro Paredes,MF,Argentina,28-172,1994,2.5,269,6,48,199,23,0,269,0,1,0.0,1,0,204,1
Leandro Trossard,FW,Belgium,28-014,1994,1.1,66,1,6,34,27,3,66,0,4,0.0,2,1,51,8
Lee Jae-sung,MF,Korea Republic,30-130,1992,2.3,116,3,18,59,40,1,116,2,3,66.7,2,0,83,9
Lee Kangin,MF,Korea Republic,21-302,2001,1.6,91,0,7,43,42,2,91,1,2,50.0,2,3,60,4
Leon Goretzka,MF,Germany,27-315,1995,1.8,72,4,14,33,25,4,72,0,0,,2,2,43,2
Leroy Sané,FW,Germany,26-341,1996,1.2,68,1,3,23,43,7,68,3,6,50.0,0,3,61,9
Liam Millar,DF,Canada,23-082,1999,0.1,9,0,0,3,6,1,9,0,0,,0,0,5,0
Lionel Messi,FW,Argentina,35-177,1987,7.7,460,1,21,208,239,38,455,15,34,44.1,13,24,378,33
Lisandro Martínez,DF,Argentina,24-334,1998,3.4,188,17,83,94,12,1,188,0,1,0.0,1,0,123,0
Lovro Majer,MF,Croatia,24-335,1998,1.4,122,4,20,58,45,4,122,0,2,0.0,5,6,96,11
Loïs Openda,FW,Belgium,22-305,2000,0.1,9,0,0,6,3,0,9,1,1,100.0,2,0,4,1
Lucas Cavallini,FW,Canada,29-355,1992,0.2,3,0,0,2,1,0,3,0,0,,0,0,3,0
Lucas Hernández,DF,France,26-307,1996,0.1,10,0,1,8,1,0,10,0,0,,0,0,6,1
Lucas Paquetá,MF,Brazil,25-113,1997,3.5,229,3,31,131,68,6,229,0,2,0.0,5,4,175,17
Luis Chávez,MF,Mexico,26-337,1996,3.0,171,3,21,97,54,1,171,2,6,33.3,1,2,105,2
Luis Suárez,FW,Uruguay,35-328,1987,1.6,52,2,5,21,26,7,52,2,3,66.7,2,0,40,5
Luka Jović,FW,Serbia,24-360,1997,0.4,14,0,1,2,12,4,14,0,0,,0,1,12,4
Luka Modrić,MF,Croatia,37-100,1985,7.3,615,8,90,395,141,11,615,6,16,37.5,12,7,447,16
Lukas Klostermann,DF,Germany,26-198,1996,0.7,56,1,17,28,12,0,56,0,0,,0,0,35,1
Luke Shaw,DF,England,27-159,1995,4.7,419,6,67,248,107,8,419,2,2,100.0,5,2,306,13
Luuk de Jong,FW,Netherlands,32-113,1990,0.6,19,1,1,10,8,2,19,0,1,0.0,0,2,14,4
Majid Hosseini,DF,IR Iran,26-181,1996,3.0,137,25,91,47,0,0,137,0,0,,1,1,61,0
Manuel Akanji,DF,Switzerland,27-152,1995,4.0,287,41,143,135,10,5,287,0,0,,0,1,214,1
Manuel Neuer,GK,Germany,36-266,1986,3.0,133,103,132,1,0,0,133,0,0,,0,0,88,0
Marcelo Brozović,MF,Croatia,30-032,1992,6.1,594,24,138,384,77,3,594,3,8,37.5,5,8,449,17
Marco Asensio,FW,Spain,26-331,1996,2.5,150,1,4,56,90,13,150,0,3,0.0,12,3,128,19
Marcos Acuña,DF,Argentina,31-051,1991,4.1,269,5,70,102,100,10,269,2,8,25.0,7,4,164,15
Marcos Llorente,DF,Spain,27-322,1995,1.3,107,0,11,70,29,1,107,0,0,,1,0,76,3
Marcus Rashford,FW,England,25-048,1997,1.6,92,1,6,43,44,13,92,5,9,55.6,4,1,71,16
Marcus Thuram,FW,France,25-134,1997,1.7,74,3,11,35,29,4,74,6,12,50.0,5,4,48,5
Mario Götze,MF,Germany,30-198,1992,0.4,31,0,4,7,20,6,31,0,2,0.0,2,0,18,5
Mario Pašalić,FW,Croatia,27-312,1995,3.0,132,8,30,79,26,6,132,0,4,0.0,6,3,80,12
Mark-Anthony Kaye,MF,Canada,28-016,1994,0.7,68,0,10,49,9,0,68,0,0,,0,0,57,2
Marko Grujić,MF,Serbia,26-249,1996,0.1,20,2,4,11,5,0,20,0,1,0.0,0,0,14,1
Marko Livaja,FW,Croatia,29-114,1993,2.7,83,1,5,38,42,18,83,0,2,0.0,7,2,64,21
Marquinhos,DF,Brazil,28-218,1994,4.7,392,30,137,238,18,6,392,1,1,100.0,2,0,310,2
Marten de Roon,MF,Netherlands,31-264,1991,2.0,142,6,32,98,12,0,142,0,0,,1,0,97,0
Martin Braithwaite,FW,Denmark,31-196,1991,1.1,24,0,1,10,13,3,24,1,2,50.0,2,1,19,4
Martin Hongla,MF,Cameroon,24-277,1998,1.3,73,4,17,45,12,1,73,2,3,66.7,0,0,53,3
Martinelli,FW,Brazil,21-183,2001,1.3,70,0,9,20,42,14,70,3,10,30.0,4,2,52,14
Martín Cáceres,DF,Uruguay,35-255,1987,1.0,83,3,21,49,13,0,83,1,1,100.0,1,0,60,1
Mason Mount,MF,England,23-342,1999,2.1,91,0,5,48,39,2,91,2,3,66.7,6,2,71,12
Mateo Kovačić,MF,Croatia,28-226,1994,7.1,521,5,81,345,105,13,521,11,20,55.0,10,7,402,16
Matheus Nunes,MF,Portugal,24-113,1998,0.8,39,0,6,13,21,3,39,1,2,50.0,4,1,34,2
Mathew Leckie,MF,Australia,31-317,1991,3.7,157,8,16,85,57,8,157,1,11,9.1,15,7,110,14
Mathew Ryan,GK,Australia,30-254,1992,4.0,176,143,175,1,0,0,176,0,0,,0,0,78,0
Mathias Jensen,MF,Denmark,26-351,1996,0.9,76,0,9,47,20,3,76,1,1,100.0,2,0,60,6
Mathías Olivera,DF,Uruguay,25-048,1997,2.8,178,12,64,62,52,3,178,0,3,0.0,7,2,74,7
Matt Turner,GK,United States,28-177,1994,4.0,137,112,137,0,0,0,137,0,0,,0,0,69,0
Matthias Ginter,DF,Germany,28-333,1994,0.0,3,0,2,1,0,0,3,0,0,,0,0,3,0
Matthijs de Ligt,DF,Netherlands,23-128,1999,1.0,49,2,20,27,2,1,49,0,0,,0,1,35,1
Matty Cash,DF,Poland,25-133,1997,4.0,197,20,58,95,45,1,197,1,4,25.0,3,2,111,3
Mattéo Guendouzi,FW,France,23-248,1999,0.9,36,1,5,22,10,1,36,0,0,,0,1,24,2
Matías Vecino,MF,Uruguay,31-116,1991,2.2,130,5,41,73,17,2,130,0,0,,3,1,81,2
Matías Viña,DF,Uruguay,25-039,1997,0.2,26,0,8,12,6,0,26,1,1,100.0,0,1,13,5
Maxi Gómez,FW,Uruguay,26-126,1996,0.3,9,0,0,2,7,0,9,0,0,,0,0,8,1
Maya Yoshida,DF,Japan,34-116,1988,4.3,277,46,129,147,2,1,277,1,2,50.0,1,1,184,0
Mehdi Taremi,FW,IR Iran,30-153,1992,3.0,123,4,19,63,47,15,122,1,9,11.1,7,5,79,16
Mehdi Torabi,MF,IR Iran,28-099,1994,0.7,48,4,8,29,12,2,48,1,2,50.0,2,0,30,1
Memphis,FW,Netherlands,28-308,1994,3.3,165,0,6,82,79,16,165,2,11,18.2,10,7,138,34
Meshaal Barsham,GK,Qatar,24-307,1998,2.0,69,61,69,0,0,0,69,0,0,,0,0,29,0
Michael Estrada,FW,Ecuador,26-255,1996,2.5,71,1,2,46,23,7,71,2,3,66.7,6,2,59,9
Michał Skóraś,MF,Poland,22-306,2000,0.5,12,1,1,8,3,0,12,0,1,0.0,0,0,9,3
Michel Aebischer,MF,Switzerland,25-346,1997,0.2,4,0,0,2,2,0,4,0,0,,0,0,4,1
Michy Batshuayi,FW,Belgium,29-077,1993,1.7,42,0,0,24,18,6,42,1,3,33.3,5,4,34,10
Miki Yamane,DF,Japan,28-361,1993,0.7,36,0,3,21,13,1,36,1,1,100.0,0,0,13,1
Mikkel Damsgaard,MF,Denmark,22-168,2000,1.7,91,1,11,54,26,2,91,0,2,0.0,2,2,62,9
Milad Mohammadi,DF,IR Iran,29-080,1993,2.2,90,8,41,36,15,0,90,0,1,0.0,1,2,33,0
Milan Borjan,GK,Canada,35-056,1987,3.0,105,82,103,1,1,0,105,0,0,,1,0,42,0
Miloš Degenek,DF,Australia,28-234,1994,2.0,123,15,67,44,15,0,123,0,2,0.0,1,1,57,1
Miloš Veljković,DF,Serbia,27-083,1995,2.5,127,22,78,50,1,0,127,0,0,,0,0,91,0
Mislav Oršić,FW,Croatia,29-354,1992,1.8,81,3,9,29,44,8,81,1,3,33.3,7,0,60,12
Mitchell Duke,FW,Australia,31-334,1991,3.0,96,0,11,47,40,11,96,1,2,50.0,11,1,61,5
Mohamed Ali Ben Romdhane,MF,Tunisia,23-103,1999,0.8,31,1,5,18,10,3,31,1,3,33.3,0,5,15,3
Mohamed Dräger,DF,Tunisia,26-176,1996,1.5,70,4,25,27,20,3,70,1,2,50.0,5,0,33,3
Mohamed Kanno,MF,Saudi Arabia,28-087,1994,3.0,184,10,31,109,48,6,184,5,10,50.0,6,1,117,7
Mohammed Al-Breik,DF,Saudi Arabia,30-094,1992,0.7,57,3,15,22,20,2,57,0,0,,1,0,38,2
Mohammed Al-Owais,GK,Saudi Arabia,31-069,1991,3.0,113,87,111,3,0,0,113,0,0,,0,0,25,0
Mohammed Muntari,FW,Qatar,28-363,1993,0.7,28,2,5,18,5,3,28,0,0,,1,0,22,0
Mohammed Salisu,DF,Ghana,23-245,1999,3.0,184,27,102,72,11,6,184,0,0,,1,1,114,1
Mohammed Waad,MF,Qatar,23-091,1999,0.3,16,0,5,8,3,0,16,1,1,100.0,1,0,12,0
Moisés Caicedo,MF,Ecuador,21-046,2001,3.0,173,4,29,121,23,3,173,0,0,,3,1,117,1
Montassar Talbi,DF,Tunisia,24-206,1998,3.0,177,24,97,77,3,1,177,0,1,0.0,1,1,96,0
Morteza Pouraliganji,DF,IR Iran,30-243,1992,3.0,156,19,86,60,10,4,156,0,0,,1,0,84,3
Moumi Ngamaleu,FW,Cameroon,28-162,1994,1.1,34,0,6,12,18,5,34,2,4,50.0,2,3,26,9
Munir,GK,Morocco,33-222,1989,1.0,31,29,31,0,0,0,31,0,0,,0,0,8,0
Musab Kheder,DF,Qatar,29-083,1993,0.1,5,0,2,2,1,0,5,0,0,,1,0,3,1
Na Sang-ho,FW,Korea Republic,26-128,1996,1.3,60,1,4,15,41,4,60,0,4,0.0,4,4,40,8
Nader Ghandri,DF,Tunisia,27-303,1995,1.0,45,10,33,12,0,0,45,0,0,,0,0,22,0
Nahuel Molina,DF,Argentina,24-256,1998,6.3,398,13,116,192,93,6,398,1,2,50.0,6,3,251,18
Nampalys Mendy,MF,Senegal,30-178,1992,3.0,182,5,42,111,31,1,182,1,1,100.0,4,0,122,2
Nasser Al-Dawsari,FW,Saudi Arabia,23-364,1998,0.1,13,1,3,6,4,0,13,0,0,,0,1,10,1
Nathan Aké,DF,Netherlands,27-303,1995,5.3,393,29,166,211,16,1,393,0,2,0.0,1,0,289,2
Nathaniel Atkinson,DF,Australia,23-188,1999,0.9,43,4,15,21,7,0,43,0,2,0.0,0,3,18,2
Nawaf Al Abed,MF,Saudi Arabia,32-326,1990,1.0,51,0,1,23,28,4,51,1,2,50.0,6,5,41,6
Nayef Aguerd,DF,Morocco,26-263,1996,3.9,185,41,132,53,1,1,185,0,0,,1,0,118,0
Naïm Sliti,MF,Tunisia,30-144,1992,1.3,67,0,5,26,37,4,67,5,8,62.5,4,1,39,4
Neco Williams,DF,Wales,21-249,2001,2.3,138,4,35,66,40,5,138,1,7,14.3,6,2,60,3
Nemanja Gudelj,MF,Serbia,31-032,1991,1.0,59,2,22,32,5,0,59,0,0,,2,2,42,1
Nemanja Maksimović,MF,Serbia,27-326,1995,1.4,75,3,17,46,12,1,75,0,0,,2,1,41,2
Nemanja Radonjić,DF,Serbia,26-306,1996,0.7,36,1,9,8,19,1,36,0,5,0.0,2,1,21,1
Neymar,MF,Brazil,30-316,1992,3.1,203,0,11,101,94,15,202,6,23,26.1,8,12,167,21
Niclas Füllkrug,FW,Germany,29-312,1993,0.8,38,0,0,14,24,13,38,1,1,100.0,2,0,27,13
Nico Elvedi,DF,Switzerland,26-079,1996,2.0,165,26,93,69,3,1,165,0,0,,1,0,114,0
Nico Schlotterbeck,DF,Germany,23-017,1999,1.0,135,8,46,80,10,0,135,0,2,0.0,1,1,101,2
Nico Williams,FW,Spain,20-159,2002,1.6,88,0,5,38,47,4,88,5,16,31.3,9,2,69,10
Nicola Zalewski,MF,Poland,20-329,2002,0.7,29,1,8,11,12,0,29,0,2,0.0,3,1,18,2
Nicolas Jackson,FW,Senegal,21-181,2001,0.2,11,0,5,2,4,1,11,0,0,,1,0,9,2
Nicolas Nkoulou,DF,Cameroon,32-266,1990,2.0,115,19,79,33,5,3,115,0,0,,1,0,79,1
Nicolás De La Cruz,MF,Uruguay,25-200,1997,0.4,28,0,2,15,12,2,28,0,1,0.0,1,1,23,1
Nicolás Otamendi,DF,Argentina,34-309,1988,7.7,639,52,297,334,9,3,639,0,0,,2,1,474,2
Nicolás Tagliafico,DF,Argentina,30-109,1992,4.1,220,12,53,109,62,9,220,0,2,0.0,1,1,124,12
Niklas Süle,DF,Germany,27-106,1995,3.0,268,15,89,157,24,2,268,0,0,,0,1,204,1
Nikola Milenković,DF,Serbia,25-067,1997,3.0,198,22,85,104,10,2,198,0,0,,2,0,118,0
Nikola Vlašić,FW,Croatia,25-075,1997,2.3,80,1,10,35,38,8,80,3,9,33.3,5,6,62,11
Noa Lang,MF,Netherlands,23-184,1999,0.1,5,1,3,1,1,0,5,0,0,,0,0,1,0
Noah Okafor,FW,Switzerland,22-208,2000,0.5,29,0,1,17,11,1,29,0,3,0.0,2,1,23,6
Nouhou Tolo,DF,Cameroon,25-178,1997,3.0,145,17,58,58,31,2,145,1,5,20.0,4,0,66,1
Noussair Mazraoui,DF,Morocco,25-034,1997,4.1,175,15,79,69,29,1,175,1,5,20.0,6,1,79,5
Nuno Mendes,DF,Portugal,20-182,2002,0.5,36,0,6,18,13,0,36,1,2,50.0,1,0,27,0
Néstor Araujo,DF,Mexico,31-111,1991,1.0,62,1,16,40,6,0,62,0,0,,0,1,37,0
Olivier Giroud,FW,France,36-079,1986,4.7,111,5,10,58,43,21,111,0,0,,5,1,80,12
Olivier Ntcham,MF,Cameroon,26-312,1996,0.3,14,1,3,7,4,0,14,2,2,100.0,0,0,10,0
Orbelín Pineda,MF,Mexico,26-269,1996,0.8,46,1,5,21,21,4,46,0,2,0.0,3,3,31,1
Osman Bukari,MF,Ghana,24-005,1998,0.7,29,0,1,10,18,4,29,0,2,0.0,1,1,17,6
Otávio,MF,Portugal,27-312,1995,2.2,145,0,16,88,41,1,145,0,0,,4,3,110,9
Ousmane Dembélé,FW,France,25-217,1997,4.8,241,2,24,81,142,16,241,9,23,39.1,8,6,179,17
Pablo Sarabia,FW,Spain,30-221,1992,0.0,6,0,0,0,6,1,6,0,0,,0,0,3,0
Paik Seung-ho,MF,Korea Republic,25-276,1997,0.3,30,1,4,18,8,1,30,0,0,,0,0,19,0
Pape Abou Cissé,DF,Senegal,27-095,1995,1.2,49,10,35,12,2,2,49,1,1,100.0,0,0,32,0
Pape Gueye,MF,Senegal,23-328,1999,1.7,81,2,17,46,19,3,81,0,1,0.0,3,3,42,3
Pape Matar Sarr,MF,Senegal,20-095,2002,0.7,54,3,11,28,15,0,54,0,2,0.0,0,2,36,1
Papu Gómez,MF,Argentina,34-306,1988,1.2,69,0,8,39,23,1,69,1,2,50.0,1,1,58,5
Pathé Ciss,MF,Senegal,28-277,1994,1.6,74,6,20,49,9,1,74,1,3,33.3,4,1,40,0
Pau Torres,DF,Spain,25-336,1997,1.0,194,6,30,162,2,0,194,0,0,,0,0,175,0
Paulo Dybala,FW,Argentina,29-033,1993,0.2,20,1,1,12,7,1,20,1,2,50.0,0,1,13,2
Pedri,MF,Spain,20-023,2002,4.0,462,3,35,324,107,2,462,6,11,54.5,4,5,395,9
Pedro,FW,Brazil,25-181,1997,0.7,25,0,3,10,12,5,25,0,0,,3,1,19,5
Pepe,DF,Portugal,39-295,1983,4.0,330,23,145,177,10,4,330,1,1,100.0,1,1,240,0
Pervis Estupiñán,DF,Ecuador,24-331,1998,3.0,217,7,44,122,54,5,217,2,8,25.0,4,4,124,8
Phil Foden,FW,England,22-204,2000,2.9,143,1,8,55,81,8,143,3,6,50.0,7,1,109,24
Piero Hincapié,DF,Ecuador,20-343,2002,3.0,227,11,123,100,4,0,227,0,0,,4,0,167,0
Pierre Højbjerg,MF,Denmark,27-135,1995,3.0,249,13,56,175,20,0,249,1,2,50.0,3,2,180,4
Pierre Kunde,MF,Cameroon,27-145,1995,1.5,70,6,19,43,10,2,70,0,1,0.0,2,3,33,1
Piotr Zieliński,MF,Poland,28-212,1994,3.6,178,7,23,115,43,3,178,1,4,25.0,2,1,113,4
Przemysław Frankowski,MF,Poland,27-250,1995,2.7,97,6,22,42,34,1,97,2,4,50.0,3,3,56,4
Rafael Leão,FW,Portugal,23-191,1999,1.0,63,1,7,20,36,6,63,6,9,66.7,5,2,49,12
Raheem Sterling,FW,England,28-010,1994,1.7,68,2,5,37,28,6,68,2,3,66.7,6,3,56,12
Ramin Rezaeian,DF,IR Iran,32-272,1990,2.0,130,8,49,47,36,3,130,1,1,100.0,7,3,67,5
Randal Kolo Muani,FW,France,24-013,1998,2.0,76,1,5,28,44,10,76,3,8,37.5,8,6,48,9
Raphaël Guerreiro,DF,Portugal,28-361,1993,3.1,207,2,45,92,71,6,207,2,2,100.0,1,1,138,14
Raphaël Varane,DF,France,29-237,1993,5.8,322,34,141,175,7,3,322,1,1,100.0,0,0,237,0
Raphinha,FW,Brazil,26-004,1996,3.5,189,2,18,68,104,20,189,4,15,26.7,6,4,136,18
Rasmus Nissen,DF,Denmark,25-160,1997,2.5,204,7,34,97,74,4,204,1,5,20.0,3,3,131,13
Raúl Jiménez,FW,Mexico,31-227,1991,0.7,37,1,3,16,18,3,37,0,0,,2,0,24,4
Remo Freuler,MF,Switzerland,30-247,1992,3.6,197,6,48,109,41,4,197,0,4,0.0,12,0,124,5
Renato Steffen,FW,Switzerland,31-045,1991,0.4,19,2,8,7,4,0,19,0,0,,1,2,8,0
Ricardo Horta,FW,Portugal,28-094,1994,1.3,55,1,8,17,30,6,55,0,0,,2,0,37,7
Ricardo Rodríguez,DF,Switzerland,30-115,1992,4.0,247,12,89,120,40,2,247,0,0,,2,3,158,6
Richarlison,FW,Brazil,25-222,1997,3.6,97,4,12,29,58,19,97,0,5,0.0,12,3,59,18
Richie Laryea,DF,Canada,27-345,1995,1.8,73,8,22,25,28,10,73,2,6,33.3,4,1,42,7
Riley McGree,FW,Australia,24-046,1998,2.9,107,2,16,53,39,4,107,0,1,0.0,8,2,62,9
Ritsu Doan,FW,Japan,24-185,1998,2.4,95,3,15,37,43,6,95,4,8,50.0,7,3,50,4
Riyadh Sharahili,MF,Saudi Arabia,29-234,1993,0.6,28,6,11,16,2,0,28,1,2,50.0,1,1,10,0
Roan Wilson,MF,Costa Rica,20-231,2002,0.0,8,1,3,5,0,0,8,0,0,,0,0,5,1
Robert Lewandowski,FW,Poland,34-119,1988,4.0,153,9,13,73,69,19,151,5,12,41.7,16,6,113,14
Robert Skov,DF,Denmark,26-212,1996,0.2,24,0,3,6,15,1,24,0,1,0.0,0,0,17,3
Roberto Alvarado,FW,Mexico,24-102,1998,0.2,12,0,0,5,7,0,12,0,1,0.0,0,0,10,1
Rodri,DF,Spain,26-179,1996,4.3,710,28,157,518,35,3,710,0,0,,0,0,598,2
Rodrigo Bentancur,MF,Uruguay,25-176,1997,2.4,197,7,54,125,25,2,197,3,6,50.0,6,3,118,0
Rodrigo De Paul,MF,Argentina,28-208,1994,6.7,625,4,80,371,179,12,625,1,9,11.1,9,7,481,15
Rodrygo,MF,Brazil,21-343,2001,2.0,152,3,10,63,80,15,152,2,9,22.2,9,3,106,14
Rogelio Funes Mori,FW,Mexico,31-288,1991,0.1,2,0,0,1,1,0,2,0,0,,0,0,3,0
Romain Saïss,DF,Morocco,32-267,1990,5.2,248,51,164,84,3,1,248,1,2,50.0,0,0,138,0
Romario Ibarra,MF,Ecuador,28-085,1994,0.8,23,1,4,13,7,2,23,1,1,100.0,3,1,14,4
Romelu Lukaku,FW,Belgium,29-219,1993,0.6,16,1,2,5,9,6,16,1,1,100.0,1,1,12,6
Roozbeh Cheshmi,DF,IR Iran,29-147,1993,0.6,19,4,13,5,1,0,19,0,0,,1,0,4,0
Ruben Vargas,FW,Switzerland,24-135,1998,3.2,140,4,17,46,79,9,140,1,7,14.3,6,1,99,18
Rubin Colwill,MF,Wales,20-235,2002,0.1,6,1,1,3,2,0,6,0,0,,0,0,3,0
Ró-Ró,DF,Qatar,32-134,1990,2.9,134,9,50,63,21,3,134,2,4,50.0,4,2,84,4
Rónald Matarrita,DF,Costa Rica,28-162,1994,0.3,30,0,12,15,4,1,30,1,1,100.0,1,0,22,0
Rúben Dias,DF,Portugal,25-218,1997,4.0,293,24,144,147,3,2,293,0,0,,2,1,216,0
Rúben Neves,MF,Portugal,25-280,1997,3.0,275,7,68,173,34,1,275,0,0,,1,1,220,1
Saad Al Sheeb,GK,Qatar,32-302,1990,1.0,22,21,22,0,0,0,22,0,0,,0,0,8,0
Sadegh Moharrami,DF,IR Iran,26-292,1996,1.0,32,5,12,12,8,1,32,1,1,100.0,0,2,14,1
Saeid Ezatolahi,MF,IR Iran,26-078,1996,2.4,115,6,33,66,20,1,115,0,1,0.0,5,0,62,1
Saleh Al-Shehri,FW,Saudi Arabia,29-047,1993,2.5,73,2,5,37,32,12,73,0,2,0.0,8,1,39,9
Salem Al-Dawsari,MF,Saudi Arabia,31-121,1991,3.0,146,1,20,63,68,13,145,2,10,20.0,13,6,106,17
Salis Abdul Samed,MF,Ghana,22-267,2000,2.8,169,15,64,82,24,0,169,3,4,75.0,4,2,121,2
Salman Al-Faraj,MF,Saudi Arabia,33-139,1989,0.5,19,0,1,11,7,0,19,0,0,,1,2,13,1
Sam Adekugbe,DF,Canada,27-336,1995,1.1,77,2,9,48,20,0,77,1,1,100.0,1,0,59,2
Saman Ghoddos,MF,IR Iran,29-103,1993,0.5,24,0,2,7,15,1,24,0,0,,2,1,19,6
Sami Al-Najei,MF,Saudi Arabia,25-314,1997,0.5,25,0,3,5,18,1,25,0,0,,1,1,15,2
Samuel Oum Gouet,MF,Cameroon,25-005,1997,1.1,65,4,23,38,5,0,65,0,0,,1,0,40,0
Sardar Azmoun,FW,IR Iran,27-351,1995,1.4,40,1,5,17,18,8,40,0,1,0.0,0,0,29,3
Saud Abdulhamid,DF,Saudi Arabia,23-153,1999,3.0,150,11,37,61,54,5,150,2,4,50.0,4,1,74,10
Saša Lukić,MF,Serbia,26-127,1996,2.7,182,6,30,132,21,1,182,0,1,0.0,2,2,130,3
Sebastian Szymański,MF,Poland,23-222,1999,1.5,61,3,18,28,16,3,61,1,3,33.3,5,2,35,6
Sebastián Coates,DF,Uruguay,32-072,1990,2.0,107,8,50,53,4,3,107,0,0,,0,2,66,1
Selim Amallah,MF,Morocco,26-033,1996,4.5,145,5,30,87,29,5,145,1,7,14.3,15,5,80,8
Serge Gnabry,FW,Germany,27-157,1995,2.9,148,1,9,42,98,21,148,3,5,60.0,4,7,111,16
Sergej Milinković-Savić,MF,Serbia,27-294,1995,2.6,158,8,33,88,41,4,158,3,6,50.0,7,2,106,7
Sergio Busquets,MF,Spain,34-155,1988,4.0,309,6,46,209,54,1,309,1,1,100.0,2,2,237,13
Sergio Rochet,GK,Uruguay,29-270,1993,3.0,88,78,87,1,0,0,88,0,0,,1,0,35,0
Sergiño Dest,DF,United States,22-045,2000,3.4,250,10,58,115,80,6,250,5,13,38.5,9,8,178,3
Shaquell Moore,DF,United States,26-046,1996,0.2,27,4,12,7,8,2,27,0,0,,0,0,16,1
Shogo Taniguchi,DF,Japan,31-156,1991,2.3,105,16,49,51,6,3,105,0,0,,0,0,62,0
Shūichi Gonda,GK,Japan,33-290,1989,4.3,124,106,124,0,0,0,124,0,0,,0,0,49,0
Silvan Widmer,DF,Switzerland,29-288,1993,2.9,208,13,67,95,47,6,208,1,2,50.0,5,6,126,8
Simon Kjær,DF,Denmark,33-267,1989,0.7,68,4,28,39,1,0,68,0,0,,1,0,45,0
Sofiane Boufal,FW,Morocco,29-092,1993,5.3,199,3,31,95,77,11,199,14,27,51.9,14,5,144,14
Sofyan Amrabat,MF,Morocco,26-119,1996,7.3,383,23,143,225,18,0,383,0,5,0.0,9,3,240,0
Son Heung-min,FW,Korea Republic,30-163,1992,4.0,158,2,19,43,98,19,158,3,15,20.0,8,6,107,25
Son Jun-ho,MF,Korea Republic,30-220,1992,0.8,68,2,17,49,2,0,68,0,0,,0,0,46,2
Sorba Thomas,MF,Wales,23-118,1999,0.0,6,0,1,2,3,0,6,0,1,0.0,0,1,4,0
Srđan Babić,DF,Serbia,26-240,1996,0.1,16,1,8,8,1,0,16,0,0,,0,0,11,0
Stefan Mitrović,DF,Serbia,32-210,1990,0.4,22,1,8,13,1,0,22,0,0,,0,0,19,0
Stephen Eustáquio,MF,Canada,25-362,1996,1.4,109,8,17,69,23,1,109,1,1,100.0,0,2,76,2
Steve Mandanda,GK,France,37-265,1985,1.0,32,28,32,0,0,0,32,0,0,,0,0,9,0
Steven Berghuis,MF,Netherlands,30-364,1991,2.2,141,0,10,84,49,2,141,1,4,25.0,1,1,109,11
Steven Bergwijn,FW,Netherlands,25-071,1997,2.4,85,0,5,45,36,4,85,1,4,25.0,4,2,74,22
Steven Vitória,DF,Canada,35-341,1987,3.0,203,14,85,117,1,0,203,0,1,0.0,1,1,142,0
Strahinja Pavlović,DF,Serbia,21-208,2001,2.6,186,14,71,101,17,3,186,2,3,66.7,4,3,120,3
Sultan Al-Ghanam,DF,Saudi Arabia,28-226,1994,1.4,68,5,19,25,26,3,68,0,2,0.0,4,1,36,2
Taha Yassine Khenissi,FW,Tunisia,30-346,1992,0.3,8,1,1,3,4,2,8,0,0,,1,2,3,0
Tajon Buchanan,MF,Canada,23-313,1999,2.9,131,3,20,42,72,8,131,7,25,28.0,8,7,95,17
Takefusa Kubo,FW,Japan,21-197,2001,1.0,23,1,4,10,10,4,23,0,0,,5,1,13,0
Takehiro Tomiyasu,DF,Japan,24-043,1998,2.1,118,11,60,43,15,2,118,0,0,,2,0,68,1
Takuma Asano,FW,Japan,28-038,1994,1.8,49,2,6,16,28,9,49,0,1,0.0,7,1,27,11
Takumi Minamino,FW,Japan,27-336,1995,0.7,32,1,7,12,13,4,32,0,0,,2,2,20,5
Tarek Salman,DF,Qatar,25-013,1997,0.1,14,1,7,6,1,0,14,0,0,,0,0,9,0
Tariq Lamptey,DF,Ghana,22-079,2000,1.1,50,7,23,18,10,1,50,0,3,0.0,1,1,17,3
Teun Koopmeiners,MF,Netherlands,24-293,1998,2.4,149,7,32,95,22,0,149,1,2,50.0,2,4,99,7
Theo Hernández,DF,France,25-073,1997,5.6,383,13,87,198,100,8,383,2,5,40.0,6,5,248,13
Thiago Almada,MF,Argentina,21-236,2001,0.1,15,0,0,8,7,0,15,0,0,,2,0,15,2
Thiago Silva,DF,Brazil,38-087,1984,4.3,368,22,139,219,10,3,368,0,1,0.0,2,0,289,0
Thibaut Courtois,GK,Belgium,30-221,1992,3.0,129,121,128,1,0,0,129,1,1,100.0,0,0,66,0
Thilo Kehrer,DF,Germany,26-088,1996,0.8,43,3,21,15,7,0,43,0,0,,1,0,20,1
Thomas Delaney,MF,Denmark,31-106,1991,0.5,31,2,6,19,6,1,31,0,0,,0,0,23,0
Thomas Meunier,DF,Belgium,31-097,1991,2.3,167,6,56,69,42,2,167,1,3,33.3,2,1,114,13
Thomas Müller,FW,Germany,33-096,1989,2.2,91,0,6,35,52,13,91,0,0,,4,2,71,11
Thomas Partey,MF,Ghana,29-188,1993,3.0,220,17,66,129,28,3,220,3,3,100.0,5,4,148,5
Thorgan Hazard,FW,Belgium,29-264,1993,1.2,66,0,11,26,30,2,66,0,2,0.0,4,0,39,9
Tim Ream,DF,United States,35-074,1987,4.0,305,25,117,180,9,3,305,2,2,100.0,4,0,203,0
Timothy Castagne,DF,Belgium,27-013,1995,3.0,229,11,80,119,30,2,229,0,2,0.0,3,0,164,6
Timothy Weah,FW,United States,22-299,2000,3.5,132,0,8,54,72,11,132,2,2,100.0,9,5,99,18
Toby Alderweireld,DF,Belgium,33-291,1989,3.0,303,40,172,127,8,1,303,0,0,,2,0,243,0
Trent Alexander-Arnold,DF,England,24-072,1998,0.4,24,0,10,12,2,0,24,0,0,,0,0,15,0
Tyler Adams,MF,United States,23-307,1999,4.0,307,8,67,205,36,0,307,1,1,100.0,4,3,192,2
Unai Simón,GK,Spain,25-190,1997,4.3,167,133,163,4,0,0,167,0,0,,0,0,112,0
Uriel Antuna,FW,Mexico,25-119,1997,0.9,33,0,2,14,18,1,33,0,1,0.0,6,0,24,6
Vanja Milinković-Savić,GK,Serbia,25-301,1997,3.0,136,105,131,5,0,0,136,0,0,,0,0,64,0
Victor Nelsson,DF,Denmark,24-065,1998,1.0,79,4,17,59,3,0,79,0,0,,0,0,58,0
Vincent Aboubakar,FW,Cameroon,30-330,1992,1.6,50,6,8,19,23,8,50,5,7,71.4,3,0,32,7
Vincent Janssen,FW,Netherlands,28-186,1994,1.0,32,1,1,12,19,4,32,1,1,100.0,4,1,22,5
Vinicius Júnior,FW,Brazil,22-159,2000,3.3,132,2,10,41,83,19,132,5,15,33.3,8,11,105,22
Virgil van Dijk,DF,Netherlands,31-163,1991,5.3,399,61,211,181,8,4,399,0,0,,2,0,275,0
Vitinha,MF,Portugal,22-308,2000,1.3,118,1,7,79,32,0,118,1,2,50.0,2,1,102,5
Wahbi Khazri,FW,Tunisia,31-313,1991,0.9,36,0,5,12,19,5,36,0,3,0.0,3,2,20,7
Wajdi Kechrida,DF,Tunisia,27-043,1995,1.2,77,4,28,25,25,1,77,0,3,0.0,1,3,42,7
Walid Cheddira,FW,Morocco,24-330,1998,0.7,18,2,2,10,6,4,18,0,1,0.0,3,0,13,4
Walker Zimmerman,DF,United States,29-213,1993,3.1,274,26,137,132,5,1,274,0,0,,0,0,191,0
Wataru Endo,MF,Japan,29-312,1993,3.4,239,14,60,139,41,2,239,1,5,20.0,2,5,147,3
Wayne Hennessey,GK,Wales,35-328,1987,1.9,68,61,67,1,0,0,68,0,0,,0,0,27,0
Weston McKennie,MF,United States,24-112,1998,3.0,177,7,19,98,61,8,177,1,2,50.0,2,3,131,15
William Carvalho,MF,Portugal,30-255,1992,2.4,182,5,52,109,22,1,182,0,0,,2,0,146,0
William Saliba,DF,France,21-269,2001,0.3,38,2,14,19,5,0,38,1,1,100.0,1,0,31,0
Wojciech Szczęsny,GK,Poland,32-244,1990,4.0,159,136,158,1,0,0,159,0,0,,0,0,56,0
Wout Weghorst,FW,Netherlands,30-133,1992,0.7,22,0,2,11,9,4,22,0,0,,1,0,14,1
Wéverton,GK,Brazil,35-005,1987,0.1,5,5,5,0,0,0,5,0,0,,0,0,2,0
Xavi Simons,FW,Netherlands,19-241,2003,0.1,11,0,3,6,2,0,11,0,0,,0,0,9,0
Xherdan Shaqiri,FW,Switzerland,31-069,1991,2.5,111,0,8,43,60,5,111,0,3,0.0,1,5,94,15
Yahya Attiat Allah,DF,Morocco,27-291,1995,3.5,167,16,75,66,27,5,167,0,2,0.0,2,2,85,8
Yahya Jabrane,MF,Morocco,31-183,1991,0.2,,,,,,,,,,,,,,
Yann Sommer,GK,Switzerland,34-001,1988,3.0,126,99,126,0,0,0,126,0,0,,0,0,76,0
Yannick Carrasco,FW,Belgium,29-105,1993,1.3,68,3,16,27,25,6,68,1,3,33.3,2,2,45,6
Yasser Al-Shahrani,DF,Saudi Arabia,30-207,1992,1.0,43,3,13,24,6,0,43,0,0,,2,0,15,0
Yassine Bounou,GK,Morocco,31-257,1991,6.3,219,185,217,2,0,0,219,0,0,,0,0,100,0
Yassine Meriah,DF,Tunisia,29-169,1993,3.0,208,29,104,98,7,1,208,2,4,50.0,2,0,138,1
Yeltsin Tejeda,MF,Costa Rica,30-276,1992,3.0,128,9,50,68,11,1,128,0,2,0.0,1,2,74,0
Youri Tielemans,MF,Belgium,25-225,1997,1.1,77,4,20,48,10,0,77,0,0,,2,0,48,2
Youssef En-Nesyri,FW,Morocco,25-200,1997,6.0,127,13,37,61,29,13,127,5,8,62.5,9,1,70,13
Youssef Msakni,MF,Tunisia,32-051,1990,1.9,95,1,16,40,40,14,95,4,7,57.1,5,5,62,13
Youssouf Fofana,MF,France,23-342,1999,2.5,138,5,29,87,28,2,138,2,2,100.0,3,3,94,4
Youssouf Sabaly,DF,Senegal,29-288,1993,4.0,253,5,65,112,79,4,253,4,9,44.4,5,1,167,8
Youssoufa Moukoko,FW,Germany,18-028,2004,0.0,2,0,1,0,1,0,2,0,0,,0,0,1,0
Youstin Salas,DF,Costa Rica,26-184,1996,0.5,27,4,16,7,5,0,27,1,2,50.0,1,1,6,0
Yuki Soma,FW,Japan,25-296,1997,0.9,26,0,2,6,18,1,26,1,2,50.0,2,0,15,3
Yunus Musah,MF,United States,20-019,2002,3.8,221,3,23,126,77,4,221,4,11,36.4,5,3,157,13
Yuto Nagatomo,MF,Japan,36-097,1986,2.3,123,6,27,59,37,0,123,3,4,75.0,1,1,67,2
Zakaria Aboukhlal,FW,Morocco,22-303,2000,0.9,26,2,3,10,13,4,26,0,1,0.0,3,0,16,0
Álvaro Morata,FW,Spain,30-056,1992,2.1,58,3,5,29,25,13,58,1,3,33.3,2,5,49,13
Álvaro Zamora,MF,Costa Rica,20-284,2002,0.3,9,0,1,7,2,0,9,0,0,,1,1,7,1
Ángel Correa,MF,Argentina,27-284,1995,0.1,6,1,3,1,2,0,6,0,0,,1,0,3,0
Ángel Di María,MF,Argentina,34-307,1988,3.2,201,1,13,59,132,17,201,13,25,52.0,10,6,163,24
Ángelo Preciado,DF,Ecuador,24-303,1998,2.9,162,3,38,78,46,3,162,0,4,0.0,6,2,81,1
Éder Militão,DF,Brazil,24-334,1998,3.9,306,12,103,151,55,6,306,0,0,,6,1,217,5
Óscar Duarte,DF,Costa Rica,33-198,1989,3.0,132,29,93,35,4,1,132,0,0,,1,0,70,0
İlkay Gündoğan,MF,Germany,32-055,1990,2.1,187,2,17,117,55,6,186,2,2,100.0,4,1,142,6
